date,status
2024-10-01,SKIP_NO_HISTORY
2024-10-02,SKIP_NO_HISTORY
2024-10-03,SKIP_NO_HISTORY
2024-10-04,SKIP_NO_HISTORY
2024-10-05,SKIP_NO_HISTORY
2024-10-06,SKIP_NO_HISTORY
2024-10-07,SKIP_NO_HISTORY
2024-10-08,SKIP_NO_HISTORY
2024-10-09,SKIP_NO_HISTORY
2024-10-10,SKIP_NO_HISTORY
2024-10-11,SKIP_NO_HISTORY
2024-10-12,SKIP_NO_HISTORY
2024-10-13,SKIP_NO_HISTORY
2024-10-14,SKIP_NO_HISTORY
2024-10-15,SKIP_NO_HISTORY
2024-10-16,SKIP_NO_HISTORY
2024-10-17,SKIP_NO_HISTORY
2024-10-18,SKIP_NO_HISTORY
2024-10-19,SKIP_NO_HISTORY
2024-10-20,SKIP_NO_HISTORY
2024-10-21,SKIP_NO_HISTORY
2024-10-22,SKIP_NO_HISTORY
2024-10-23,SKIP_NO_HISTORY
2024-10-24,SKIP_NO_HISTORY
2024-10-25,SKIP_NO_HISTORY
2024-10-26,SKIP_NO_HISTORY
2024-10-27,SKIP_NO_HISTORY
2024-10-28,SKIP_NO_HISTORY
2024-10-29,SKIP_NO_HISTORY
2024-10-30,SKIP_NO_HISTORY
2024-10-31,SKIP_NO_HISTORY
