date,day_type,mae_p50,rmse_p50,mape_p50,status,hour_mae
2025-10-01,PV_STABLE,136.8686933367308,228.36707434917483,2.3443093214665907,OK,"    hour     mae_p50
0      0   50.014219
1      1   79.410177
2      2   75.943650
3      3   85.773590
4      4   89.358695
5      5  103.635701
6      6  107.345880
7      7  100.065925
8      8  156.640000
9      9  179.439335
10    10  149.334250
11    11  246.813976
12    12  268.438708
13    13  270.919696
14    14  274.168832
15    15  846.612168
16    16   78.143590
17    17   30.471320
18    18   40.862024
19    19   32.764778
20    20    6.031633
21    21    7.277500
22    22   15.743482
23    23   10.924832"
2025-10-02,PV_STABLE,135.02965870646767,166.46766849648557,0.4147110050720251,OK,"    hour     mae_p50
0      0   19.979090
1      1    8.643612
2      2   31.799424
3      3   11.582539
4      4   19.535919
5      5   10.182500
6      6   13.709673
7      7   80.929790
8      8  206.861619
9      9  272.059513
10    10  272.979854
11    11  278.554264
12    12  294.559649
13    13  259.925509
14    14  221.109059
15    15  113.955472
16    16   55.426100
17    17  135.999607
18    18  174.871078
19    19  179.361212
20    20  174.465316
21    21  154.443794
22    22  124.409406
23    23  125.367810"
2025-10-03,PV_VOLATILE,99.77759368799603,136.0382439896738,0.2739513038867831,OK,"    hour     mae_p50
0      0    1.940409
1      1   24.370417
2      2   44.741348
3      3   50.062265
4      4   54.841783
5      5   48.147146
6      6   55.955485
7      7   99.597473
8      8  121.215625
9      9  256.962003
10    10  267.526479
11    11  272.796875
12    12  278.687801
13    13  247.708244
14    14  167.859899
15    15  110.546574
16    16   10.727598
17    17   50.246461
18    18   70.583932
19    19   43.812533
20    20   44.421985
21    21   50.284824
22    22    8.700405
23    23   12.924685"
2025-10-04,PV_VOLATILE,132.74225321463896,199.15315003548474,0.30305854830536155,OK,"    hour     mae_p50
0      0   22.367573
1      1   33.467871
2      2   46.339145
3      3   61.758441
4      4   62.666595
5      5   50.661214
6      6   61.196923
7      7  103.298629
8      8  132.445217
9      9  255.596090
10    10  279.001189
11    11  262.920985
12    12  288.462804
13    13  261.044453
14    14  514.220480
15    15  431.445750
16    16  112.190546
17    17   20.032490
18    18   33.504356
19    19   37.804369
20    20   43.484205
21    21   48.572214
22    22   13.865233
23    23    9.467307"
2025-10-05,PV_VOLATILE,138.24427249753452,187.1335538905565,0.3265628208263757,OK,"    hour     mae_p50
0      0   21.285879
1      1   30.209246
2      2   55.275583
3      3   73.854207
4      4   73.037550
5      5   55.260305
6      6   71.455926
7      7  142.718944
8      8  195.860036
9      9  287.556249
10    10  297.715512
11    11  276.313253
12    12  323.749115
13    13  349.453891
14    14  459.887284
15    15  156.184618
16    16   47.843905
17    17   38.606334
18    18   74.869083
19    19   78.632799
20    20   73.640470
21    21   54.024544
22    22   46.253370
23    23   34.174438"
2025-10-06,PV_STABLE,95.77170630530975,108.21084771098909,0.36896549768847936,OK,"    hour     mae_p50
0      0   82.715826
1      1   61.672100
2      2   61.625850
3      3   49.555488
4      4   54.947022
5      5   54.645695
6      6   40.736770
7      7    9.412240
8      8   77.434229
9      9  125.850168
10    10  138.773996
11    11  143.764630
12    12  151.049078
13    13  136.705583
14    14   96.008841
15    15   18.030381
16    16  124.514513
17    17  131.526341
18    18  178.945956
19    19  189.898855
20    20  158.067739
21    21   71.591463
22    22   54.988968
23    23   86.059221"
2025-10-07,PV_STABLE,79.02313039215687,98.59838478057847,0.2730509075878022,OK,"    hour     mae_p50
0      0   74.799312
1      1   69.603541
2      2   57.881794
3      3   45.590656
4      4   43.959582
5      5   21.755318
6      6   33.772529
7      7   83.250191
8      8  151.965932
9      9  158.610471
10    10  157.527215
11    11  153.143312
12    12  155.892756
13    13  150.714985
14    14  130.500079
15    15  116.628018
16    16   81.011003
17    17   24.019113
18    18   44.861203
19    19   54.108638
20    20   48.785032
21    21   13.062796
22    22    9.470000
23    23   15.641653"
2025-10-08,PV_STABLE,178.64688587487782,298.5984087828137,0.35610357659666486,OK,"    hour     mae_p50
0      0   13.361567
1      1   26.254900
2      2   30.858283
3      3   38.433460
4      4   37.480509
5      5   33.871632
6      6   46.150633
7      7   84.490748
8      8  193.167739
9      9  263.717149
10    10  747.154867
11    11  670.565266
12    12  317.488125
13    13  717.703797
14    14  248.748919
15    15   96.333177
16    16   52.106440
17    17   93.965378
18    18  133.840518
19    19  123.499292
20    20  113.873556
21    21   93.761890
22    22   62.431273
23    23   48.266142"
2025-10-09,PV_VOLATILE,99.68874640594542,129.2390361283879,0.29040663380353987,OK,"    hour     mae_p50
0      0   20.293851
1      1   39.632804
2      2   20.319588
3      3   19.736564
4      4   11.109082
5      5   20.728129
6      6   25.954836
7      7   72.503614
8      8  108.877526
9      9  250.453561
10    10  257.968980
11    11  248.124272
12    12  254.584386
13    13  210.720026
14    14  139.701684
15    15   89.123275
16    16   12.700988
17    17   76.870206
18    18  101.556985
19    19   97.511092
20    20  105.147965
21    21   84.006088
22    22   65.799781
23    23   59.104630"
2025-10-10,PV_VOLATILE,114.93062597181729,158.74184405435795,0.29150499979192723,OK,"    hour     mae_p50
0      0   10.858832
1      1   42.612475
2      2   25.470478
3      3   26.309883
4      4   18.020076
5      5   29.058166
6      6   28.471158
7      7   73.872034
8      8  110.700829
9      9  274.815906
10    10  328.266674
11    11  321.882149
12    12  312.341268
13    13  295.974774
14    14  201.096477
15    15  171.180168
16    16   98.119856
17    17   23.891801
18    18   55.554700
19    19   82.381088
20    20   87.912329
21    21   65.525670
22    22   43.010598
23    23   31.007633"
2025-10-11,PV_VOLATILE,128.8018780886628,175.12691446847094,0.3024640191952675,OK,"    hour     mae_p50
0      0   17.239765
1      1   56.801485
2      2   74.865433
3      3   93.206706
4      4   86.114058
5      5   82.193113
6      6  123.888134
7      7  233.085256
8      8  208.026078
9      9  359.353773
10    10  348.280093
11    11  317.476759
12    12  302.461480
13    13  278.026608
14    14  194.346198
15    15  133.877642
16    16   77.778828
17    17    5.340500
18    18   18.569314
19    19   32.804869
20    20   24.503355
21    21    6.534767
22    22    4.334353
23    23   12.136506"
2025-10-12,PV_VOLATILE,152.24087859299516,228.43460002405416,0.3149420402047955,OK,"    hour     mae_p50
0      0    3.598467
1      1   19.398635
2      2   40.109751
3      3   47.212080
4      4   35.900075
5      5   35.890141
6      6   44.385301
7      7   93.786847
8      8  136.472117
9      9  303.639546
10    10  363.156249
11    11  502.861191
12    12  585.793425
13    13  478.669353
14    14  289.934467
15    15  173.153628
16    16   52.007102
17    17   12.589236
18    18   72.077179
19    19   74.722946
20    20   88.128970
21    21   75.019264
22    22   69.949919
23    23   55.325200"
2025-10-13,PV_VOLATILE,102.25699518304434,143.34059892381308,0.2622265555487226,OK,"    hour     mae_p50
0      0    5.721939
1      1   32.616650
2      2   31.849275
3      3   40.879595
4      4   31.757720
5      5   34.004844
6      6   85.406145
7      7  135.799572
8      8  157.230079
9      9  263.385814
10    10  287.144808
11    11  261.922166
12    12  292.826744
13    13  258.905227
14    14  186.861006
15    15  136.472387
16    16   73.060454
17    17   27.427020
18    18   19.649971
19    19    6.722792
20    20   14.286468
21    21   18.967311
22    22   25.201682
23    23   26.068215"
2025-10-14,PV_VOLATILE,73.33315976224783,98.27018006928152,1.5633681043975711,OK,"    hour     mae_p50
0      0   29.140594
1      1   49.902553
2      2   46.751857
3      3   46.748341
4      4   45.310176
5      5   45.967890
6      6  121.861818
7      7   92.361988
8      8  173.163750
9      9  176.461143
10    10  158.985182
11    11  176.357937
12    12  149.584914
13    13  139.194677
14    14   58.704250
15    15   87.739714
16    16   69.122084
17    17   21.085590
18    18   12.579658
19    19    5.572715
20    20   13.471374
21    21   20.696563
22    22   14.394427
23    23    4.836639"
2025-10-15,PV_VOLATILE,201.89801179358236,297.9271138086528,0.35362528420465583,OK,"    hour     mae_p50
0      0   68.002687
1      1   93.928546
2      2  122.379057
3      3  140.662845
4      4  143.402707
5      5  141.261187
6      6  147.743420
7      7  179.992687
8      8  238.948868
9      9  448.814963
10    10  832.731270
11    11  667.706968
12    12  435.538822
13    13  396.784736
14    14  304.807951
15    15  225.459049
16    16  115.733115
17    17   56.894566
18    18   20.435188
19    19   17.531014
20    20   12.031489
21    21    5.187897
22    22   16.916503
23    23   12.656750"
2025-10-16,PV_VOLATILE,51.99388135744985,71.01833365956213,0.20105420084546688,OK,"    hour     mae_p50
0      0   16.798975
1      1   32.430653
2      2   53.660453
3      3   59.076009
4      4   36.585519
5      5   39.477837
6      6   35.516725
7      7   64.096548
8      8   63.377160
9      9   41.240698
10    10   21.100250
11    11   71.923500
12    12  123.302099
13    13  180.703748
14    14  160.751352
15    15  120.193913
16    16   35.283476
17    17    4.545539
18    18   29.163244
19    19   23.282166
20    20   20.206873
21    21    9.793254
22    22    3.054620
23    23    2.288542"
2025-10-17,PV_VOLATILE,143.86728303571428,166.61498454316327,0.38605265101107705,OK,"    hour     mae_p50
0      0   50.204673
1      1   71.155821
2      2   90.937526
3      3  100.008481
4      4   93.291950
5      5   82.638306
6      6   93.446453
7      7  105.311207
8      8  123.856713
9      9  279.320077
10    10  291.127397
11    11  274.367760
12    12  307.451387
13    13  298.540263
14    14  207.430983
15    15  114.728980
16    16   27.471759
17    17   44.070649
18    18  119.324426
19    19  143.360107
20    20  125.371021
21    21  115.740923
22    22  144.429490
23    23  149.228441"
2025-10-18,PV_STABLE,135.9127293750379,151.5349264747371,0.9256852784882128,OK,"    hour     mae_p50
0      0  130.060022
1      1   47.622538
2      2   46.473518
3      3   94.544222
4      4   66.074484
5      5   58.373835
6      6   66.690093
7      7  101.182653
8      8  124.749500
9      9  194.243624
10    10  183.866729
11    11  179.820188
12    12  164.845692
13    13  186.235741
14    14  105.300500
15    15   69.442963
16    16  135.815358
17    17  159.225165
18    18  135.378359
19    19  135.037038
20    20  172.209174
21    21  219.567219
22    22  268.428664
23    23  245.883673"
2025-10-19,PV_STABLE,63.362323094223484,74.65713053602856,0.21936842574273155,OK,"    hour     mae_p50
0      0   96.829852
1      1   82.997372
2      2   74.889898
3      3   74.678540
4      4   75.050909
5      5   65.373616
6      6   48.097179
7      7   55.141909
8      8   17.934960
9      9   82.052009
10    10  114.377352
11    11   95.744713
12    12  101.963563
13    13  136.748432
14    14  127.592247
15    15   66.112119
16    16   14.235361
17    17   32.707290
18    18   45.840835
19    19   41.496653
20    20   20.946847
21    21    7.210743
22    22    8.301372
23    23   34.371983"
2025-10-20,PV_STABLE,93.03214152502359,122.52057026112533,0.26462486420058345,OK,"    hour     mae_p50
0      0   28.025774
1      1   45.005275
2      2   46.652224
3      3   39.171172
4      4   33.107496
5      5   46.231096
6      6   61.801605
7      7   88.899237
8      8  171.723198
9      9  216.064479
10    10  237.449433
11    11  226.088244
12    12  165.002997
13    13  208.358803
14    14  223.143878
15    15  132.947856
16    16   48.329796
17    17   42.865610
18    18   33.382402
19    19   37.630678
20    20   30.569469
21    21   26.454962
22    22   35.939463
23    23    7.926250"
2025-10-21,PV_VOLATILE,103.6270100047081,118.14999097226755,0.6797553183804667,OK,"    hour     mae_p50
0      0   85.369864
1      1  122.334387
2      2  114.374761
3      3  103.080226
4      4   91.686671
5      5   99.292085
6      6  159.005506
7      7  123.335873
8      8   72.442992
9      9   97.936215
10    10  166.057095
11    11  188.335138
12    12  165.864910
13    13  213.333458
14    14  147.373684
15    15   89.701400
16    16   68.542905
17    17   74.218116
18    18   48.897862
19    19   27.149048
20    20   34.332395
21    21   52.410182
22    22   82.021227
23    23   59.952242"
2025-10-22,PV_VOLATILE,88.04759838615023,113.11484127092986,0.680549755449058,OK,"    hour     mae_p50
0      0   37.567706
1      1   81.805782
2      2   89.528004
3      3   80.924858
4      4   68.554085
5      5   66.621854
6      6  103.847868
7      7   80.508840
8      8  150.810223
9      9  189.352101
10    10  185.210583
11    11  217.531620
12    12  202.415797
13    13  189.034722
14    14   65.962377
15    15   83.792981
16    16   66.521170
17    17   28.625844
18    18    5.149524
19    19    2.773750
20    20   19.240073
21    21   31.471113
22    22   42.081186
23    23   23.810301"
2025-10-23,PV_VOLATILE,88.0786802434457,105.3671225730294,0.2525795736921554,OK,"    hour     mae_p50
0      0   48.087528
1      1   90.461199
2      2   95.049121
3      3   94.028261
4      4   89.082590
5      5   72.080500
6      6   89.682441
7      7   97.490135
8      8   85.667764
9      9  174.834789
10    10  172.034691
11    11  141.349247
12    12  196.600522
13    13  198.726140
14    14  148.847860
15    15   97.787961
16    16   35.368784
17    17   22.957073
18    18   47.982938
19    19   41.497806
20    20   35.789312
21    21   29.530250
22    22    4.244500
23    23    4.706913"
2025-10-24,PV_VOLATILE,89.2399836601307,113.54364677141443,0.45422052049688166,OK,"    hour     mae_p50
0      0   39.158429
1      1   62.307766
2      2   80.985568
3      3   82.564978
4      4   67.376831
5      5   66.314313
6      6   86.756767
7      7  101.647961
8      8  120.629020
9      9  262.787190
10    10  240.396936
11    11  168.814300
12    12  134.193430
13    13  171.384236
14    14  105.619377
15    15  105.818549
16    16   33.717207
17    17   29.237427
18    18   31.871696
19    19   36.469134
20    20   11.912500
21    21   14.318004
22    22   37.251445
23    23   50.226542"
2025-10-25,PV_VOLATILE,105.86649249301676,134.3269988845105,0.2765446992919252,OK,"    hour     mae_p50
0      0   35.920749
1      1   60.858701
2      2   74.564508
3      3   86.495939
4      4   74.756578
5      5   57.502299
6      6   75.070383
7      7   97.992436
8      8  126.278504
9      9  277.121439
10    10  273.096701
11    11  230.221130
12    12  258.356006
13    13  226.213436
14    14  159.164791
15    15   98.926137
16    16    8.188193
17    17   53.658140
18    18   59.580232
19    19   64.156825
20    20   56.055570
21    21   52.236466
22    22   19.303726
23    23   15.076933"
2025-10-26,PV_VOLATILE,85.79926732242338,113.85839807812022,0.24156879761086716,OK,"    hour     mae_p50
0      0    2.153790
1      1   20.986414
2      2   39.148284
3      3   48.804139
4      4   43.229735
5      5   37.068560
6      6   50.094915
7      7   83.021914
8      8   97.063125
9      9  246.802252
10    10  245.759806
11    11  206.072804
12    12  225.841281
13    13  182.001533
14    14  110.905857
15    15   63.015618
16    16    7.638220
17    17   57.589162
18    18   73.364006
19    19   66.862102
20    20   64.866132
21    21   43.871142
22    22   24.535067
23    23   18.486558"
2025-10-27,PV_VOLATILE,77.82394762731484,96.9090889921945,0.5600131725382328,OK,"    hour     mae_p50
0      0   25.977856
1      1   50.233014
2      2   64.585122
3      3   63.813350
4      4   57.833333
5      5   57.092592
6      6   99.558964
7      7   92.354894
8      8  120.396392
9      9  115.287503
10    10  174.069978
11    11  171.461431
12    12  163.311411
13    13  154.955528
14    14   62.827299
15    15  108.315644
16    16    9.878981
17    17   53.705789
18    18   58.630244
19    19   56.067211
20    20   45.714344
21    21   32.600125
22    22   11.917761
23    23   17.185978"
2025-10-28,PV_VOLATILE,100.32173713065559,121.85575333370342,0.2787607216477281,OK,"    hour     mae_p50
0      0   24.891823
1      1   45.866274
2      2   68.518945
3      3   69.179573
4      4   67.573809
5      5   66.800950
6      6   91.863558
7      7   95.737485
8      8  118.903073
9      9  106.211299
10    10  180.276324
11    11  236.164964
12    12  225.891072
13    13  223.228040
14    14  188.212271
15    15  185.692263
16    16   85.038416
17    17   20.996784
18    18   64.502051
19    19   78.235751
20    20   80.413917
21    21   62.326417
22    22    2.299864
23    23   18.896767"
2025-10-29,PV_VOLATILE,126.64362580570905,143.88323667650442,0.8514113089186076,OK,"    hour     mae_p50
0      0  124.830547
1      1  159.616022
2      2  155.268575
3      3  139.808773
4      4   89.900387
5      5   72.191312
6      6  177.568425
7      7  119.338272
8      8  257.332302
9      9  203.976348
10    10  191.540378
11    11  185.054461
12    12  166.426597
13    13  185.881081
14    14  139.398785
15    15  168.744124
16    16  123.432135
17    17   78.669432
18    18   37.188688
19    19   14.160568
20    20   12.348055
21    21   19.805359
22    22   85.308032
23    23  131.658359"
2025-10-30,PV_VOLATILE,132.84285640495867,200.42987890555025,0.28549341797564026,OK,"    hour     mae_p50
0      0   15.053618
1      1   31.662307
2      2   44.266960
3      3   53.938708
4      4   35.759311
5      5   56.616523
6      6   49.070563
7      7   97.197581
8      8  174.616961
9      9  235.765976
10    10  331.771075
11    11  363.541158
12    12  361.902976
13    13  337.679531
14    14  343.409972
15    15  436.197581
16    16   92.022309
17    17    6.147019
18    18   33.098241
19    19   24.643419
20    20   32.946147
21    21   13.800964
22    22    9.410902
23    23    7.708750"
2025-10-31,PV_VOLATILE,102.66252815934065,135.4352635624876,0.27205344124302056,OK,"    hour     mae_p50
0      0   23.654637
1      1   41.457692
2      2   61.655918
3      3   66.967407
4      4   57.268736
5      5   50.736849
6      6   74.053879
7      7  100.353407
8      8  155.827104
9      9  268.075190
10    10  273.301986
11    11  264.653245
12    12  264.549621
13    13  228.210549
14    14  145.933530
15    15  104.909456
16    16   18.040670
17    17   42.501376
18    18   58.900582
19    19   55.138659
20    20   52.178821
21    21   30.636909
22    22   15.343154
23    23    9.551297"
