hour,mae_p50,date,day_type
0,50.01421856287429,2025-10-01,PV_STABLE
1,79.41017664670659,2025-10-01,PV_STABLE
2,75.94364970059881,2025-10-01,PV_STABLE
3,85.77358982035928,2025-10-01,PV_STABLE
4,89.35869461077846,2025-10-01,PV_STABLE
5,103.63570059880242,2025-10-01,PV_STABLE
6,107.34588023952094,2025-10-01,PV_STABLE
7,100.06592514970062,2025-10-01,PV_STABLE
8,156.64000000000001,2025-10-01,PV_STABLE
9,179.4393353293413,2025-10-01,PV_STABLE
10,149.33425,2025-10-01,PV_STABLE
11,246.8139760479042,2025-10-01,PV_STABLE
12,268.43870808383235,2025-10-01,PV_STABLE
13,270.91969610778443,2025-10-01,PV_STABLE
14,274.1688323353293,2025-10-01,PV_STABLE
15,846.6121676646707,2025-10-01,PV_STABLE
16,78.14358982035932,2025-10-01,PV_STABLE
17,30.471320359281435,2025-10-01,PV_STABLE
18,40.86202395209585,2025-10-01,PV_STABLE
19,32.764778443113826,2025-10-01,PV_STABLE
20,6.031633233532958,2025-10-01,PV_STABLE
21,7.277500000000003,2025-10-01,PV_STABLE
22,15.74348203592811,2025-10-01,PV_STABLE
23,10.924832335329327,2025-10-01,PV_STABLE
0,19.979089552238804,2025-10-02,PV_STABLE
1,8.643611940298499,2025-10-02,PV_STABLE
2,31.799423880597047,2025-10-02,PV_STABLE
3,11.58253880597016,2025-10-02,PV_STABLE
4,19.535919402985087,2025-10-02,PV_STABLE
5,10.182500000000005,2025-10-02,PV_STABLE
6,13.709673134328355,2025-10-02,PV_STABLE
7,80.92978955223879,2025-10-02,PV_STABLE
8,206.86161940298504,2025-10-02,PV_STABLE
9,272.05951343283584,2025-10-02,PV_STABLE
10,272.97985373134327,2025-10-02,PV_STABLE
11,278.5542641791045,2025-10-02,PV_STABLE
12,294.55964850746267,2025-10-02,PV_STABLE
13,259.9255089552239,2025-10-02,PV_STABLE
14,221.10905895522387,2025-10-02,PV_STABLE
15,113.95547164179101,2025-10-02,PV_STABLE
16,55.42609999999995,2025-10-02,PV_STABLE
17,135.9996074626866,2025-10-02,PV_STABLE
18,174.87107761194025,2025-10-02,PV_STABLE
19,179.36121194029852,2025-10-02,PV_STABLE
20,174.46531641791051,2025-10-02,PV_STABLE
21,154.44379402985072,2025-10-02,PV_STABLE
22,124.40940597014927,2025-10-02,PV_STABLE
23,125.36781044776122,2025-10-02,PV_STABLE
0,1.940409226190468,2025-10-03,PV_VOLATILE
1,24.37041666666667,2025-10-03,PV_VOLATILE
2,44.74134821428572,2025-10-03,PV_VOLATILE
3,50.062264880952355,2025-10-03,PV_VOLATILE
4,54.84178273809519,2025-10-03,PV_VOLATILE
5,48.14714583333328,2025-10-03,PV_VOLATILE
6,55.95548511904758,2025-10-03,PV_VOLATILE
7,99.59747321428576,2025-10-03,PV_VOLATILE
8,121.21562499999999,2025-10-03,PV_VOLATILE
9,256.9620029761905,2025-10-03,PV_VOLATILE
10,267.5264791666667,2025-10-03,PV_VOLATILE
11,272.796875,2025-10-03,PV_VOLATILE
12,278.68780059523806,2025-10-03,PV_VOLATILE
13,247.70824404761905,2025-10-03,PV_VOLATILE
14,167.85989880952383,2025-10-03,PV_VOLATILE
15,110.54657440476194,2025-10-03,PV_VOLATILE
16,10.727598214285692,2025-10-03,PV_VOLATILE
17,50.24646130952385,2025-10-03,PV_VOLATILE
18,70.58393154761904,2025-10-03,PV_VOLATILE
19,43.8125327380952,2025-10-03,PV_VOLATILE
20,44.42198511904769,2025-10-03,PV_VOLATILE
21,50.28482440476195,2025-10-03,PV_VOLATILE
22,8.700404761904736,2025-10-03,PV_VOLATILE
23,12.924684523809447,2025-10-03,PV_VOLATILE
0,22.367572700296762,2025-10-04,PV_VOLATILE
1,33.46787091988131,2025-10-04,PV_VOLATILE
2,46.339145400593424,2025-10-04,PV_VOLATILE
3,61.758440652818976,2025-10-04,PV_VOLATILE
4,62.6665949554896,2025-10-04,PV_VOLATILE
5,50.66121364985162,2025-10-04,PV_VOLATILE
6,61.19692284866471,2025-10-04,PV_VOLATILE
7,103.2986290801187,2025-10-04,PV_VOLATILE
8,132.4452166172107,2025-10-04,PV_VOLATILE
9,255.59608976261126,2025-10-04,PV_VOLATILE
10,279.0011891691395,2025-10-04,PV_VOLATILE
11,262.9209851632047,2025-10-04,PV_VOLATILE
12,288.46280415430266,2025-10-04,PV_VOLATILE
13,261.04445326409495,2025-10-04,PV_VOLATILE
14,514.2204799703264,2025-10-04,PV_VOLATILE
15,431.44575000000003,2025-10-04,PV_VOLATILE
16,112.1905459940653,2025-10-04,PV_VOLATILE
17,20.032489614243275,2025-10-04,PV_VOLATILE
18,33.50435608308605,2025-10-04,PV_VOLATILE
19,37.804368694362,2025-10-04,PV_VOLATILE
20,43.484204747774484,2025-10-04,PV_VOLATILE
21,48.57221364985166,2025-10-04,PV_VOLATILE
22,13.86523293768549,2025-10-04,PV_VOLATILE
23,9.467307121661733,2025-10-04,PV_VOLATILE
0,21.28587869822489,2025-10-05,PV_VOLATILE
1,30.209245562130192,2025-10-05,PV_VOLATILE
2,55.275582840236666,2025-10-05,PV_VOLATILE
3,73.85420710059168,2025-10-05,PV_VOLATILE
4,73.03755029585797,2025-10-05,PV_VOLATILE
5,55.260304733727764,2025-10-05,PV_VOLATILE
6,71.45592603550297,2025-10-05,PV_VOLATILE
7,142.7189437869822,2025-10-05,PV_VOLATILE
8,195.86003550295862,2025-10-05,PV_VOLATILE
9,287.55624852071,2025-10-05,PV_VOLATILE
10,297.7155118343195,2025-10-05,PV_VOLATILE
11,276.3132529585799,2025-10-05,PV_VOLATILE
12,323.7491153846154,2025-10-05,PV_VOLATILE
13,349.4538905325444,2025-10-05,PV_VOLATILE
14,459.8872840236686,2025-10-05,PV_VOLATILE
15,156.18461834319527,2025-10-05,PV_VOLATILE
16,47.843905325443814,2025-10-05,PV_VOLATILE
17,38.60633431952664,2025-10-05,PV_VOLATILE
18,74.86908284023667,2025-10-05,PV_VOLATILE
19,78.6327988165681,2025-10-05,PV_VOLATILE
20,73.64047041420122,2025-10-05,PV_VOLATILE
21,54.024544378698224,2025-10-05,PV_VOLATILE
22,46.25336982248518,2025-10-05,PV_VOLATILE
23,34.17443786982247,2025-10-05,PV_VOLATILE
0,82.71582595870204,2025-10-06,PV_STABLE
1,61.67210029498523,2025-10-06,PV_STABLE
2,61.625849557522145,2025-10-06,PV_STABLE
3,49.55548820058996,2025-10-06,PV_STABLE
4,54.94702212389382,2025-10-06,PV_STABLE
5,54.645694690265515,2025-10-06,PV_STABLE
6,40.73676991150445,2025-10-06,PV_STABLE
7,9.412240412979372,2025-10-06,PV_STABLE
8,77.43422861356933,2025-10-06,PV_STABLE
9,125.8501681415929,2025-10-06,PV_STABLE
10,138.77399557522125,2025-10-06,PV_STABLE
11,143.76462979351032,2025-10-06,PV_STABLE
12,151.04907817109142,2025-10-06,PV_STABLE
13,136.70558259587023,2025-10-06,PV_STABLE
14,96.0088407079646,2025-10-06,PV_STABLE
15,18.030380530973474,2025-10-06,PV_STABLE
16,124.51451327433622,2025-10-06,PV_STABLE
17,131.52634070796455,2025-10-06,PV_STABLE
18,178.94595575221246,2025-10-06,PV_STABLE
19,189.89885545722717,2025-10-06,PV_STABLE
20,158.06773893805314,2025-10-06,PV_STABLE
21,71.59146312684368,2025-10-06,PV_STABLE
22,54.98896755162241,2025-10-06,PV_STABLE
23,86.05922123893811,2025-10-06,PV_STABLE
0,74.79931176470588,2025-10-07,PV_STABLE
1,69.60354117647057,2025-10-07,PV_STABLE
2,57.88179411764706,2025-10-07,PV_STABLE
3,45.59065588235289,2025-10-07,PV_STABLE
4,43.95958235294118,2025-10-07,PV_STABLE
5,21.75531764705883,2025-10-07,PV_STABLE
6,33.77252941176468,2025-10-07,PV_STABLE
7,83.2501911764706,2025-10-07,PV_STABLE
8,151.9659323529412,2025-10-07,PV_STABLE
9,158.61047058823533,2025-10-07,PV_STABLE
10,157.52721470588236,2025-10-07,PV_STABLE
11,153.1433117647059,2025-10-07,PV_STABLE
12,155.89275588235293,2025-10-07,PV_STABLE
13,150.71498529411764,2025-10-07,PV_STABLE
14,130.50007941176472,2025-10-07,PV_STABLE
15,116.62801764705881,2025-10-07,PV_STABLE
16,81.01100294117649,2025-10-07,PV_STABLE
17,24.019113235294128,2025-10-07,PV_STABLE
18,44.86120294117649,2025-10-07,PV_STABLE
19,54.10863823529415,2025-10-07,PV_STABLE
20,48.78503235294124,2025-10-07,PV_STABLE
21,13.06279558823529,2025-10-07,PV_STABLE
22,9.469999999999999,2025-10-07,PV_STABLE
23,15.641652941176488,2025-10-07,PV_STABLE
0,13.361567448680418,2025-10-08,PV_STABLE
1,26.254900293255133,2025-10-08,PV_STABLE
2,30.858282991202387,2025-10-08,PV_STABLE
3,38.43346041055719,2025-10-08,PV_STABLE
4,37.4805087976539,2025-10-08,PV_STABLE
5,33.87163196480938,2025-10-08,PV_STABLE
6,46.15063343108501,2025-10-08,PV_STABLE
7,84.49074780058652,2025-10-08,PV_STABLE
8,193.16773900293256,2025-10-08,PV_STABLE
9,263.7171488269795,2025-10-08,PV_STABLE
10,747.154866568915,2025-10-08,PV_STABLE
11,670.5652661290324,2025-10-08,PV_STABLE
12,317.48812536656897,2025-10-08,PV_STABLE
13,717.7037969208212,2025-10-08,PV_STABLE
14,248.74891935483873,2025-10-08,PV_STABLE
15,96.33317741935488,2025-10-08,PV_STABLE
16,52.10643988269794,2025-10-08,PV_STABLE
17,93.96537829912025,2025-10-08,PV_STABLE
18,133.84051759530786,2025-10-08,PV_STABLE
19,123.49929178885635,2025-10-08,PV_STABLE
20,113.87355571847506,2025-10-08,PV_STABLE
21,93.76189002932553,2025-10-08,PV_STABLE
22,62.431272727272756,2025-10-08,PV_STABLE
23,48.26614222873903,2025-10-08,PV_STABLE
0,20.29385087719301,2025-10-09,PV_VOLATILE
1,39.6328040935673,2025-10-09,PV_VOLATILE
2,20.319587719298255,2025-10-09,PV_VOLATILE
3,19.73656432748541,2025-10-09,PV_VOLATILE
4,11.109081871344983,2025-10-09,PV_VOLATILE
5,20.72812865497079,2025-10-09,PV_VOLATILE
6,25.95483625730992,2025-10-09,PV_VOLATILE
7,72.50361403508778,2025-10-09,PV_VOLATILE
8,108.87752631578948,2025-10-09,PV_VOLATILE
9,250.45356140350876,2025-10-09,PV_VOLATILE
10,257.96897953216376,2025-10-09,PV_VOLATILE
11,248.12427192982452,2025-10-09,PV_VOLATILE
12,254.58438596491226,2025-10-09,PV_VOLATILE
13,210.72002631578948,2025-10-09,PV_VOLATILE
14,139.7016842105263,2025-10-09,PV_VOLATILE
15,89.12327485380116,2025-10-09,PV_VOLATILE
16,12.700988304093485,2025-10-09,PV_VOLATILE
17,76.87020614035089,2025-10-09,PV_VOLATILE
18,101.55698538011697,2025-10-09,PV_VOLATILE
19,97.51109210526307,2025-10-09,PV_VOLATILE
20,105.14796491228071,2025-10-09,PV_VOLATILE
21,84.00608771929822,2025-10-09,PV_VOLATILE
22,65.79978070175433,2025-10-09,PV_VOLATILE
23,59.10463011695906,2025-10-09,PV_VOLATILE
0,10.858832361516065,2025-10-10,PV_VOLATILE
1,42.612475218658915,2025-10-10,PV_VOLATILE
2,25.470478134110806,2025-10-10,PV_VOLATILE
3,26.30988338192418,2025-10-10,PV_VOLATILE
4,18.02007580174927,2025-10-10,PV_VOLATILE
5,29.058166180758036,2025-10-10,PV_VOLATILE
6,28.471158163265287,2025-10-10,PV_VOLATILE
7,73.87203352769683,2025-10-10,PV_VOLATILE
8,110.70082871720118,2025-10-10,PV_VOLATILE
9,274.8159059766764,2025-10-10,PV_VOLATILE
10,328.26667419825077,2025-10-10,PV_VOLATILE
11,321.88214868804664,2025-10-10,PV_VOLATILE
12,312.3412682215743,2025-10-10,PV_VOLATILE
13,295.97477405247815,2025-10-10,PV_VOLATILE
14,201.0964774052478,2025-10-10,PV_VOLATILE
15,171.18016836734694,2025-10-10,PV_VOLATILE
16,98.1198564139942,2025-10-10,PV_VOLATILE
17,23.891801020408124,2025-10-10,PV_VOLATILE
18,55.554699708454805,2025-10-10,PV_VOLATILE
19,82.38108819241977,2025-10-10,PV_VOLATILE
20,87.91232944606409,2025-10-10,PV_VOLATILE
21,65.52566982507292,2025-10-10,PV_VOLATILE
22,43.01059766763848,2025-10-10,PV_VOLATILE
23,31.00763265306125,2025-10-10,PV_VOLATILE
0,17.23976453488372,2025-10-11,PV_VOLATILE
1,56.80148546511626,2025-10-11,PV_VOLATILE
2,74.8654331395349,2025-10-11,PV_VOLATILE
3,93.20670639534875,2025-10-11,PV_VOLATILE
4,86.11405813953482,2025-10-11,PV_VOLATILE
5,82.19311337209305,2025-10-11,PV_VOLATILE
6,123.88813372093026,2025-10-11,PV_VOLATILE
7,233.0852558139535,2025-10-11,PV_VOLATILE
8,208.0260784883721,2025-10-11,PV_VOLATILE
9,359.35377325581396,2025-10-11,PV_VOLATILE
10,348.28009302325586,2025-10-11,PV_VOLATILE
11,317.47675872093026,2025-10-11,PV_VOLATILE
12,302.4614796511628,2025-10-11,PV_VOLATILE
13,278.0266075581395,2025-10-11,PV_VOLATILE
14,194.3461976744186,2025-10-11,PV_VOLATILE
15,133.87764244186047,2025-10-11,PV_VOLATILE
16,77.77882848837208,2025-10-11,PV_VOLATILE
17,5.340500000000006,2025-10-11,PV_VOLATILE
18,18.56931395348839,2025-10-11,PV_VOLATILE
19,32.80486918604649,2025-10-11,PV_VOLATILE
20,24.503354651162724,2025-10-11,PV_VOLATILE
21,6.534767441860467,2025-10-11,PV_VOLATILE
22,4.334353197674403,2025-10-11,PV_VOLATILE
23,12.136505813953491,2025-10-11,PV_VOLATILE
0,3.5984666666666953,2025-10-12,PV_VOLATILE
1,19.398634782608696,2025-10-12,PV_VOLATILE
2,40.10975072463765,2025-10-12,PV_VOLATILE
3,47.21207971014486,2025-10-12,PV_VOLATILE
4,35.9000753623188,2025-10-12,PV_VOLATILE
5,35.89014057971009,2025-10-12,PV_VOLATILE
6,44.3853014492754,2025-10-12,PV_VOLATILE
7,93.78684710144928,2025-10-12,PV_VOLATILE
8,136.47211666666666,2025-10-12,PV_VOLATILE
9,303.63954565217387,2025-10-12,PV_VOLATILE
10,363.1562485507246,2025-10-12,PV_VOLATILE
11,502.8611905797102,2025-10-12,PV_VOLATILE
12,585.7934246376811,2025-10-12,PV_VOLATILE
13,478.66935289855076,2025-10-12,PV_VOLATILE
14,289.93446666666665,2025-10-12,PV_VOLATILE
15,173.1536275362319,2025-10-12,PV_VOLATILE
16,52.007102173913026,2025-10-12,PV_VOLATILE
17,12.589236231884001,2025-10-12,PV_VOLATILE
18,72.07717898550729,2025-10-12,PV_VOLATILE
19,74.72294565217395,2025-10-12,PV_VOLATILE
20,88.12897028985506,2025-10-12,PV_VOLATILE
21,75.01926449275362,2025-10-12,PV_VOLATILE
22,69.9499188405797,2025-10-12,PV_VOLATILE
23,55.325200000000024,2025-10-12,PV_VOLATILE
0,5.721939306358365,2025-10-13,PV_VOLATILE
1,32.61665028901734,2025-10-13,PV_VOLATILE
2,31.849274566474037,2025-10-13,PV_VOLATILE
3,40.879595375722474,2025-10-13,PV_VOLATILE
4,31.757719653179194,2025-10-13,PV_VOLATILE
5,34.0048439306358,2025-10-13,PV_VOLATILE
6,85.40614450867052,2025-10-13,PV_VOLATILE
7,135.7995722543353,2025-10-13,PV_VOLATILE
8,157.23007947976885,2025-10-13,PV_VOLATILE
9,263.385813583815,2025-10-13,PV_VOLATILE
10,287.1448078034682,2025-10-13,PV_VOLATILE
11,261.9221661849711,2025-10-13,PV_VOLATILE
12,292.82674421965316,2025-10-13,PV_VOLATILE
13,258.9052268786127,2025-10-13,PV_VOLATILE
14,186.86100578034677,2025-10-13,PV_VOLATILE
15,136.472387283237,2025-10-13,PV_VOLATILE
16,73.06045375722545,2025-10-13,PV_VOLATILE
17,27.427020231213874,2025-10-13,PV_VOLATILE
18,19.649971098265894,2025-10-13,PV_VOLATILE
19,6.722791907514448,2025-10-13,PV_VOLATILE
20,14.286468208092458,2025-10-13,PV_VOLATILE
21,18.967310693641565,2025-10-13,PV_VOLATILE
22,25.20168208092484,2025-10-13,PV_VOLATILE
23,26.06821531791907,2025-10-13,PV_VOLATILE
0,29.140593659942397,2025-10-14,PV_VOLATILE
1,49.90255259365996,2025-10-14,PV_VOLATILE
2,46.75185662824208,2025-10-14,PV_VOLATILE
3,46.74834149855906,2025-10-14,PV_VOLATILE
4,45.31017579250717,2025-10-14,PV_VOLATILE
5,45.967889769452455,2025-10-14,PV_VOLATILE
6,121.86181844380398,2025-10-14,PV_VOLATILE
7,92.36198775216143,2025-10-14,PV_VOLATILE
8,173.16375,2025-10-14,PV_VOLATILE
9,176.46114265129683,2025-10-14,PV_VOLATILE
10,158.98518227665704,2025-10-14,PV_VOLATILE
11,176.35793659942365,2025-10-14,PV_VOLATILE
12,149.58491426512967,2025-10-14,PV_VOLATILE
13,139.1946772334294,2025-10-14,PV_VOLATILE
14,58.704249999999995,2025-10-14,PV_VOLATILE
15,87.73971397694525,2025-10-14,PV_VOLATILE
16,69.12208429394815,2025-10-14,PV_VOLATILE
17,21.085590057636907,2025-10-14,PV_VOLATILE
18,12.579657780979844,2025-10-14,PV_VOLATILE
19,5.572715417867457,2025-10-14,PV_VOLATILE
20,13.471373919308363,2025-10-14,PV_VOLATILE
21,20.696563400576395,2025-10-14,PV_VOLATILE
22,14.394427233429383,2025-10-14,PV_VOLATILE
23,4.836639048991387,2025-10-14,PV_VOLATILE
0,68.00268678160921,2025-10-15,PV_VOLATILE
1,93.92854597701147,2025-10-15,PV_VOLATILE
2,122.37905747126439,2025-10-15,PV_VOLATILE
3,140.66284482758618,2025-10-15,PV_VOLATILE
4,143.4027068965517,2025-10-15,PV_VOLATILE
5,141.26118678160918,2025-10-15,PV_VOLATILE
6,147.7434195402299,2025-10-15,PV_VOLATILE
7,179.99268678160922,2025-10-15,PV_VOLATILE
8,238.948867816092,2025-10-15,PV_VOLATILE
9,448.8149626436782,2025-10-15,PV_VOLATILE
10,832.7312701149425,2025-10-15,PV_VOLATILE
11,667.7069683908046,2025-10-15,PV_VOLATILE
12,435.53882183908047,2025-10-15,PV_VOLATILE
13,396.7847356321838,2025-10-15,PV_VOLATILE
14,304.8079511494253,2025-10-15,PV_VOLATILE
15,225.4590488505747,2025-10-15,PV_VOLATILE
16,115.73311494252873,2025-10-15,PV_VOLATILE
17,56.894566091954076,2025-10-15,PV_VOLATILE
18,20.435188218390778,2025-10-15,PV_VOLATILE
19,17.53101436781607,2025-10-15,PV_VOLATILE
20,12.03148850574712,2025-10-15,PV_VOLATILE
21,5.187896551724165,2025-10-15,PV_VOLATILE
22,16.916502873563246,2025-10-15,PV_VOLATILE
23,12.656749999999988,2025-10-15,PV_VOLATILE
0,16.79897492836676,2025-10-16,PV_VOLATILE
1,32.430652578796554,2025-10-16,PV_VOLATILE
2,53.660452722063084,2025-10-16,PV_VOLATILE
3,59.076009312320934,2025-10-16,PV_VOLATILE
4,36.58551934097423,2025-10-16,PV_VOLATILE
5,39.47783739255014,2025-10-16,PV_VOLATILE
6,35.51672492836677,2025-10-16,PV_VOLATILE
7,64.09654799426936,2025-10-16,PV_VOLATILE
8,63.37715974212032,2025-10-16,PV_VOLATILE
9,41.24069842406878,2025-10-16,PV_VOLATILE
10,21.100250000000003,2025-10-16,PV_VOLATILE
11,71.9235,2025-10-16,PV_VOLATILE
12,123.30209885386819,2025-10-16,PV_VOLATILE
13,180.70374785100287,2025-10-16,PV_VOLATILE
14,160.75135171919771,2025-10-16,PV_VOLATILE
15,120.19391260744985,2025-10-16,PV_VOLATILE
16,35.283476361031546,2025-10-16,PV_VOLATILE
17,4.545539398280809,2025-10-16,PV_VOLATILE
18,29.16324355300857,2025-10-16,PV_VOLATILE
19,23.28216618911175,2025-10-16,PV_VOLATILE
20,20.206873209169018,2025-10-16,PV_VOLATILE
21,9.7932535816619,2025-10-16,PV_VOLATILE
22,3.0546203438395025,2025-10-16,PV_VOLATILE
23,2.28854154727793,2025-10-16,PV_VOLATILE
0,50.204672857142896,2025-10-17,PV_VOLATILE
1,71.15582142857139,2025-10-17,PV_VOLATILE
2,90.93752571428571,2025-10-17,PV_VOLATILE
3,100.00848142857144,2025-10-17,PV_VOLATILE
4,93.29195000000001,2025-10-17,PV_VOLATILE
5,82.63830571428566,2025-10-17,PV_VOLATILE
6,93.44645285714287,2025-10-17,PV_VOLATILE
7,105.31120714285714,2025-10-17,PV_VOLATILE
8,123.85671285714291,2025-10-17,PV_VOLATILE
9,279.32007714285714,2025-10-17,PV_VOLATILE
10,291.12739714285715,2025-10-17,PV_VOLATILE
11,274.36776,2025-10-17,PV_VOLATILE
12,307.45138714285713,2025-10-17,PV_VOLATILE
13,298.54026285714286,2025-10-17,PV_VOLATILE
14,207.43098285714285,2025-10-17,PV_VOLATILE
15,114.72898,2025-10-17,PV_VOLATILE
16,27.471758571428524,2025-10-17,PV_VOLATILE
17,44.07064857142865,2025-10-17,PV_VOLATILE
18,119.3244257142857,2025-10-17,PV_VOLATILE
19,143.36010714285715,2025-10-17,PV_VOLATILE
20,125.37102142857138,2025-10-17,PV_VOLATILE
21,115.74092285714286,2025-10-17,PV_VOLATILE
22,144.42948999999993,2025-10-17,PV_VOLATILE
23,149.22844142857144,2025-10-17,PV_VOLATILE
0,130.06002207977207,2025-10-18,PV_STABLE
1,47.622538461538426,2025-10-18,PV_STABLE
2,46.473517806267864,2025-10-18,PV_STABLE
3,94.5442222222222,2025-10-18,PV_STABLE
4,66.07448361823364,2025-10-18,PV_STABLE
5,58.37383547008548,2025-10-18,PV_STABLE
6,66.6900933048433,2025-10-18,PV_STABLE
7,101.18265313390312,2025-10-18,PV_STABLE
8,124.74950000000001,2025-10-18,PV_STABLE
9,194.24362393162394,2025-10-18,PV_STABLE
10,183.8667286324786,2025-10-18,PV_STABLE
11,179.82018803418805,2025-10-18,PV_STABLE
12,164.8456923076923,2025-10-18,PV_STABLE
13,186.23574074074077,2025-10-18,PV_STABLE
14,105.30050000000003,2025-10-18,PV_STABLE
15,69.44296296296298,2025-10-18,PV_STABLE
16,135.81535754985762,2025-10-18,PV_STABLE
17,159.22516524216522,2025-10-18,PV_STABLE
18,135.37835897435897,2025-10-18,PV_STABLE
19,135.0370377492878,2025-10-18,PV_STABLE
20,172.2091737891738,2025-10-18,PV_STABLE
21,219.56721937321947,2025-10-18,PV_STABLE
22,268.42866381766385,2025-10-18,PV_STABLE
23,245.88367307692306,2025-10-18,PV_STABLE
0,96.8298522727273,2025-10-19,PV_STABLE
1,82.99737215909096,2025-10-19,PV_STABLE
2,74.8898977272727,2025-10-19,PV_STABLE
3,74.67853977272723,2025-10-19,PV_STABLE
4,75.05090909090916,2025-10-19,PV_STABLE
5,65.37361647727275,2025-10-19,PV_STABLE
6,48.09717897727276,2025-10-19,PV_STABLE
7,55.141909090909095,2025-10-19,PV_STABLE
8,17.93496022727271,2025-10-19,PV_STABLE
9,82.05200852272728,2025-10-19,PV_STABLE
10,114.37735227272728,2025-10-19,PV_STABLE
11,95.74471306818182,2025-10-19,PV_STABLE
12,101.96356250000001,2025-10-19,PV_STABLE
13,136.7484318181818,2025-10-19,PV_STABLE
14,127.59224715909093,2025-10-19,PV_STABLE
15,66.11211931818185,2025-10-19,PV_STABLE
16,14.235360795454568,2025-10-19,PV_STABLE
17,32.707289772727236,2025-10-19,PV_STABLE
18,45.840835227272706,2025-10-19,PV_STABLE
19,41.4966534090909,2025-10-19,PV_STABLE
20,20.946846590909033,2025-10-19,PV_STABLE
21,7.210742897727272,2025-10-19,PV_STABLE
22,8.301372159090917,2025-10-19,PV_STABLE
23,34.37198295454543,2025-10-19,PV_STABLE
0,28.02577407932006,2025-10-20,PV_STABLE
1,45.00527549575071,2025-10-20,PV_STABLE
2,46.652223796033994,2025-10-20,PV_STABLE
3,39.17117209631729,2025-10-20,PV_STABLE
4,33.10749575070825,2025-10-20,PV_STABLE
5,46.23109631728046,2025-10-20,PV_STABLE
6,61.801604815863996,2025-10-20,PV_STABLE
7,88.8992372521246,2025-10-20,PV_STABLE
8,171.72319759206795,2025-10-20,PV_STABLE
9,216.06447875354107,2025-10-20,PV_STABLE
10,237.44943271954673,2025-10-20,PV_STABLE
11,226.0882436260623,2025-10-20,PV_STABLE
12,165.0029971671388,2025-10-20,PV_STABLE
13,208.35880311614733,2025-10-20,PV_STABLE
14,223.14387818696883,2025-10-20,PV_STABLE
15,132.9478562322946,2025-10-20,PV_STABLE
16,48.32979603399434,2025-10-20,PV_STABLE
17,42.86560977337112,2025-10-20,PV_STABLE
18,33.382401558073596,2025-10-20,PV_STABLE
19,37.63067847025492,2025-10-20,PV_STABLE
20,30.569468838526873,2025-10-20,PV_STABLE
21,26.454961756373947,2025-10-20,PV_STABLE
22,35.939463172804494,2025-10-20,PV_STABLE
23,7.926249999999996,2025-10-20,PV_STABLE
0,85.3698644067797,2025-10-21,PV_VOLATILE
1,122.33438700564966,2025-10-21,PV_VOLATILE
2,114.37476129943498,2025-10-21,PV_VOLATILE
3,103.08022598870059,2025-10-21,PV_VOLATILE
4,91.6866709039548,2025-10-21,PV_VOLATILE
5,99.29208474576274,2025-10-21,PV_VOLATILE
6,159.00550564971755,2025-10-21,PV_VOLATILE
7,123.33587288135597,2025-10-21,PV_VOLATILE
8,72.44299152542374,2025-10-21,PV_VOLATILE
9,97.93621468926554,2025-10-21,PV_VOLATILE
10,166.05709463276835,2025-10-21,PV_VOLATILE
11,188.33513841807905,2025-10-21,PV_VOLATILE
12,165.86490960451977,2025-10-21,PV_VOLATILE
13,213.33345762711866,2025-10-21,PV_VOLATILE
14,147.3736836158192,2025-10-21,PV_VOLATILE
15,89.70139971751412,2025-10-21,PV_VOLATILE
16,68.54290536723165,2025-10-21,PV_VOLATILE
17,74.21811581920903,2025-10-21,PV_VOLATILE
18,48.89786158192095,2025-10-21,PV_VOLATILE
19,27.149048022598862,2025-10-21,PV_VOLATILE
20,34.332395480226,2025-10-21,PV_VOLATILE
21,52.410182203389866,2025-10-21,PV_VOLATILE
22,82.02122740112995,2025-10-21,PV_VOLATILE
23,59.95224152542377,2025-10-21,PV_VOLATILE
0,37.56770563380279,2025-10-22,PV_VOLATILE
1,81.80578169014073,2025-10-22,PV_VOLATILE
2,89.52800422535205,2025-10-22,PV_VOLATILE
3,80.92485845070424,2025-10-22,PV_VOLATILE
4,68.55408450704222,2025-10-22,PV_VOLATILE
5,66.62185352112675,2025-10-22,PV_VOLATILE
6,103.84786830985917,2025-10-22,PV_VOLATILE
7,80.5088401408451,2025-10-22,PV_VOLATILE
8,150.81022253521127,2025-10-22,PV_VOLATILE
9,189.3521014084507,2025-10-22,PV_VOLATILE
10,185.21058309859157,2025-10-22,PV_VOLATILE
11,217.53161971830986,2025-10-22,PV_VOLATILE
12,202.4157971830986,2025-10-22,PV_VOLATILE
13,189.03472183098594,2025-10-22,PV_VOLATILE
14,65.96237676056339,2025-10-22,PV_VOLATILE
15,83.79298098591549,2025-10-22,PV_VOLATILE
16,66.52117042253526,2025-10-22,PV_VOLATILE
17,28.625844366197214,2025-10-22,PV_VOLATILE
18,5.14952394366199,2025-10-22,PV_VOLATILE
19,2.7737499999999926,2025-10-22,PV_VOLATILE
20,19.240073239436626,2025-10-22,PV_VOLATILE
21,31.471112676056322,2025-10-22,PV_VOLATILE
22,42.08118591549295,2025-10-22,PV_VOLATILE
23,23.81030070422534,2025-10-22,PV_VOLATILE
0,48.087528089887584,2025-10-23,PV_VOLATILE
1,90.46119943820217,2025-10-23,PV_VOLATILE
2,95.04912078651687,2025-10-23,PV_VOLATILE
3,94.0282612359551,2025-10-23,PV_VOLATILE
4,89.0825898876404,2025-10-23,PV_VOLATILE
5,72.08049999999999,2025-10-23,PV_VOLATILE
6,89.68244101123597,2025-10-23,PV_VOLATILE
7,97.4901348314607,2025-10-23,PV_VOLATILE
8,85.66776404494384,2025-10-23,PV_VOLATILE
9,174.83478932584268,2025-10-23,PV_VOLATILE
10,172.03469101123594,2025-10-23,PV_VOLATILE
11,141.34924719101124,2025-10-23,PV_VOLATILE
12,196.60052247191012,2025-10-23,PV_VOLATILE
13,198.72614044943822,2025-10-23,PV_VOLATILE
14,148.8478595505618,2025-10-23,PV_VOLATILE
15,97.78796067415732,2025-10-23,PV_VOLATILE
16,35.36878370786519,2025-10-23,PV_VOLATILE
17,22.957073033707857,2025-10-23,PV_VOLATILE
18,47.98293820224717,2025-10-23,PV_VOLATILE
19,41.49780617977525,2025-10-23,PV_VOLATILE
20,35.78931179775276,2025-10-23,PV_VOLATILE
21,29.53025000000001,2025-10-23,PV_VOLATILE
22,4.244500000000016,2025-10-23,PV_VOLATILE
23,4.706912921348319,2025-10-23,PV_VOLATILE
0,39.158429271708684,2025-10-24,PV_VOLATILE
1,62.307766106442585,2025-10-24,PV_VOLATILE
2,80.98556792717089,2025-10-24,PV_VOLATILE
3,82.56497759103645,2025-10-24,PV_VOLATILE
4,67.37683123249299,2025-10-24,PV_VOLATILE
5,66.31431302521007,2025-10-24,PV_VOLATILE
6,86.75676680672272,2025-10-24,PV_VOLATILE
7,101.6479614845938,2025-10-24,PV_VOLATILE
8,120.6290203081233,2025-10-24,PV_VOLATILE
9,262.78718977591035,2025-10-24,PV_VOLATILE
10,240.3969362745098,2025-10-24,PV_VOLATILE
11,168.81429971988797,2025-10-24,PV_VOLATILE
12,134.1934299719888,2025-10-24,PV_VOLATILE
13,171.38423599439773,2025-10-24,PV_VOLATILE
14,105.61937675070028,2025-10-24,PV_VOLATILE
15,105.81854901960787,2025-10-24,PV_VOLATILE
16,33.71720728291319,2025-10-24,PV_VOLATILE
17,29.237427170868287,2025-10-24,PV_VOLATILE
18,31.87169607843134,2025-10-24,PV_VOLATILE
19,36.46913445378158,2025-10-24,PV_VOLATILE
20,11.912500000000009,2025-10-24,PV_VOLATILE
21,14.318004201680651,2025-10-24,PV_VOLATILE
22,37.251445378151246,2025-10-24,PV_VOLATILE
23,50.226542016806675,2025-10-24,PV_VOLATILE
0,35.92074860335197,2025-10-25,PV_VOLATILE
1,60.85870111731843,2025-10-25,PV_VOLATILE
2,74.56450837988828,2025-10-25,PV_VOLATILE
3,86.49593854748603,2025-10-25,PV_VOLATILE
4,74.75657821229049,2025-10-25,PV_VOLATILE
5,57.50229888268154,2025-10-25,PV_VOLATILE
6,75.07038268156424,2025-10-25,PV_VOLATILE
7,97.99243575418996,2025-10-25,PV_VOLATILE
8,126.27850418994413,2025-10-25,PV_VOLATILE
9,277.12143854748604,2025-10-25,PV_VOLATILE
10,273.0967011173184,2025-10-25,PV_VOLATILE
11,230.22112988826817,2025-10-25,PV_VOLATILE
12,258.3560055865921,2025-10-25,PV_VOLATILE
13,226.21343575418996,2025-10-25,PV_VOLATILE
14,159.16479050279332,2025-10-25,PV_VOLATILE
15,98.92613687150842,2025-10-25,PV_VOLATILE
16,8.1881927374302,2025-10-25,PV_VOLATILE
17,53.65813966480437,2025-10-25,PV_VOLATILE
18,59.58023184357543,2025-10-25,PV_VOLATILE
19,64.15682541899442,2025-10-25,PV_VOLATILE
20,56.0555698324022,2025-10-25,PV_VOLATILE
21,52.23646648044688,2025-10-25,PV_VOLATILE
22,19.303726256983282,2025-10-25,PV_VOLATILE
23,15.076932960893842,2025-10-25,PV_VOLATILE
0,2.1537896935932963,2025-10-26,PV_VOLATILE
1,20.986413649025096,2025-10-26,PV_VOLATILE
2,39.14828412256264,2025-10-26,PV_VOLATILE
3,48.80413927576603,2025-10-26,PV_VOLATILE
4,43.22973537604457,2025-10-26,PV_VOLATILE
5,37.06855988857943,2025-10-26,PV_VOLATILE
6,50.09491504178273,2025-10-26,PV_VOLATILE
7,83.02191364902504,2025-10-26,PV_VOLATILE
8,97.06312534818937,2025-10-26,PV_VOLATILE
9,246.8022520891365,2025-10-26,PV_VOLATILE
10,245.7598057103064,2025-10-26,PV_VOLATILE
11,206.07280431754873,2025-10-26,PV_VOLATILE
12,225.84128133704735,2025-10-26,PV_VOLATILE
13,182.001532729805,2025-10-26,PV_VOLATILE
14,110.90585654596102,2025-10-26,PV_VOLATILE
15,63.01561838440112,2025-10-26,PV_VOLATILE
16,7.638220055710306,2025-10-26,PV_VOLATILE
17,57.58916155988854,2025-10-26,PV_VOLATILE
18,73.36400557103059,2025-10-26,PV_VOLATILE
19,66.86210167130916,2025-10-26,PV_VOLATILE
20,64.86613231197767,2025-10-26,PV_VOLATILE
21,43.87114206128126,2025-10-26,PV_VOLATILE
22,24.535066852367635,2025-10-26,PV_VOLATILE
23,18.486558495821726,2025-10-26,PV_VOLATILE
0,25.97785555555555,2025-10-27,PV_VOLATILE
1,50.23301388888889,2025-10-27,PV_VOLATILE
2,64.5851222222222,2025-10-27,PV_VOLATILE
3,63.81335000000004,2025-10-27,PV_VOLATILE
4,57.833333333333314,2025-10-27,PV_VOLATILE
5,57.092591666666635,2025-10-27,PV_VOLATILE
6,99.55896388888891,2025-10-27,PV_VOLATILE
7,92.35489444444443,2025-10-27,PV_VOLATILE
8,120.3963916666667,2025-10-27,PV_VOLATILE
9,115.28750277777777,2025-10-27,PV_VOLATILE
10,174.06997777777775,2025-10-27,PV_VOLATILE
11,171.46143055555555,2025-10-27,PV_VOLATILE
12,163.3114111111111,2025-10-27,PV_VOLATILE
13,154.95552777777777,2025-10-27,PV_VOLATILE
14,62.82729861111112,2025-10-27,PV_VOLATILE
15,108.31564444444444,2025-10-27,PV_VOLATILE
16,9.878980555555586,2025-10-27,PV_VOLATILE
17,53.70578888888883,2025-10-27,PV_VOLATILE
18,58.63024444444443,2025-10-27,PV_VOLATILE
19,56.067211111111135,2025-10-27,PV_VOLATILE
20,45.71434444444441,2025-10-27,PV_VOLATILE
21,32.600124999999935,2025-10-27,PV_VOLATILE
22,11.917761111111162,2025-10-27,PV_VOLATILE
23,17.185977777777836,2025-10-27,PV_VOLATILE
0,24.89182271468144,2025-10-28,PV_VOLATILE
1,45.86627423822716,2025-10-28,PV_VOLATILE
2,68.51894459833795,2025-10-28,PV_VOLATILE
3,69.17957340720231,2025-10-28,PV_VOLATILE
4,67.57380886426591,2025-10-28,PV_VOLATILE
5,66.8009501385041,2025-10-28,PV_VOLATILE
6,91.86355817174518,2025-10-28,PV_VOLATILE
7,95.7374847645429,2025-10-28,PV_VOLATILE
8,118.90307340720221,2025-10-28,PV_VOLATILE
9,106.21129916897509,2025-10-28,PV_VOLATILE
10,180.276324099723,2025-10-28,PV_VOLATILE
11,236.16496398891962,2025-10-28,PV_VOLATILE
12,225.89107202216067,2025-10-28,PV_VOLATILE
13,223.22804016620498,2025-10-28,PV_VOLATILE
14,188.21227146814402,2025-10-28,PV_VOLATILE
15,185.6922631578947,2025-10-28,PV_VOLATILE
16,85.03841551246535,2025-10-28,PV_VOLATILE
17,20.996783933518003,2025-10-28,PV_VOLATILE
18,64.50205124653735,2025-10-28,PV_VOLATILE
19,78.2357506925208,2025-10-28,PV_VOLATILE
20,80.41391689750691,2025-10-28,PV_VOLATILE
21,62.326416897506874,2025-10-28,PV_VOLATILE
22,2.2998642659279653,2025-10-28,PV_VOLATILE
23,18.896767313019325,2025-10-28,PV_VOLATILE
0,124.83054696132598,2025-10-29,PV_VOLATILE
1,159.6160220994475,2025-10-29,PV_VOLATILE
2,155.26857458563535,2025-10-29,PV_VOLATILE
3,139.80877348066304,2025-10-29,PV_VOLATILE
4,89.90038674033151,2025-10-29,PV_VOLATILE
5,72.1913121546961,2025-10-29,PV_VOLATILE
6,177.56842541436467,2025-10-29,PV_VOLATILE
7,119.33827209944752,2025-10-29,PV_VOLATILE
8,257.3323024861878,2025-10-29,PV_VOLATILE
9,203.97634806629839,2025-10-29,PV_VOLATILE
10,191.54037845303867,2025-10-29,PV_VOLATILE
11,185.05446132596686,2025-10-29,PV_VOLATILE
12,166.42659668508287,2025-10-29,PV_VOLATILE
13,185.88108149171268,2025-10-29,PV_VOLATILE
14,139.39878453038676,2025-10-29,PV_VOLATILE
15,168.74412430939228,2025-10-29,PV_VOLATILE
16,123.43213535911605,2025-10-29,PV_VOLATILE
17,78.66943232044198,2025-10-29,PV_VOLATILE
18,37.1886878453039,2025-10-29,PV_VOLATILE
19,14.160567679558028,2025-10-29,PV_VOLATILE
20,12.348055248618834,2025-10-29,PV_VOLATILE
21,19.80535911602213,2025-10-29,PV_VOLATILE
22,85.3080317679558,2025-10-29,PV_VOLATILE
23,131.65835911602207,2025-10-29,PV_VOLATILE
0,15.053618457300274,2025-10-30,PV_VOLATILE
1,31.662307162534447,2025-10-30,PV_VOLATILE
2,44.26696005509642,2025-10-30,PV_VOLATILE
3,53.93870798898081,2025-10-30,PV_VOLATILE
4,35.75931129476584,2025-10-30,PV_VOLATILE
5,56.61652341597795,2025-10-30,PV_VOLATILE
6,49.07056336088159,2025-10-30,PV_VOLATILE
7,97.19758126721761,2025-10-30,PV_VOLATILE
8,174.6169614325069,2025-10-30,PV_VOLATILE
9,235.7659758953168,2025-10-30,PV_VOLATILE
10,331.7710750688706,2025-10-30,PV_VOLATILE
11,363.54115771349865,2025-10-30,PV_VOLATILE
12,361.9029758953168,2025-10-30,PV_VOLATILE
13,337.67953099173553,2025-10-30,PV_VOLATILE
14,343.4099724517906,2025-10-30,PV_VOLATILE
15,436.19758126721763,2025-10-30,PV_VOLATILE
16,92.02230853994492,2025-10-30,PV_VOLATILE
17,6.147018595041317,2025-10-30,PV_VOLATILE
18,33.09824104683187,2025-10-30,PV_VOLATILE
19,24.64341873278235,2025-10-30,PV_VOLATILE
20,32.94614738292002,2025-10-30,PV_VOLATILE
21,13.800964187327864,2025-10-30,PV_VOLATILE
22,9.410901515151537,2025-10-30,PV_VOLATILE
23,7.708749999999995,2025-10-30,PV_VOLATILE
0,23.65463736263736,2025-10-31,PV_VOLATILE
1,41.45769230769234,2025-10-31,PV_VOLATILE
2,61.65591758241763,2025-10-31,PV_VOLATILE
3,66.96740659340658,2025-10-31,PV_VOLATILE
4,57.26873626373629,2025-10-31,PV_VOLATILE
5,50.73684890109887,2025-10-31,PV_VOLATILE
6,74.05387912087909,2025-10-31,PV_VOLATILE
7,100.35340659340658,2025-10-31,PV_VOLATILE
8,155.8271043956044,2025-10-31,PV_VOLATILE
9,268.07518956043964,2025-10-31,PV_VOLATILE
10,273.30198626373624,2025-10-31,PV_VOLATILE
11,264.6532445054945,2025-10-31,PV_VOLATILE
12,264.5496208791209,2025-10-31,PV_VOLATILE
13,228.21054945054948,2025-10-31,PV_VOLATILE
14,145.9335302197802,2025-10-31,PV_VOLATILE
15,104.90945604395603,2025-10-31,PV_VOLATILE
16,18.040670329670363,2025-10-31,PV_VOLATILE
17,42.501376373626314,2025-10-31,PV_VOLATILE
18,58.90058241758237,2025-10-31,PV_VOLATILE
19,55.1386593406593,2025-10-31,PV_VOLATILE
20,52.178821428571325,2025-10-31,PV_VOLATILE
21,30.636909340659386,2025-10-31,PV_VOLATILE
22,15.343153846153811,2025-10-31,PV_VOLATILE
23,9.5512967032967,2025-10-31,PV_VOLATILE
