interval,hour,da_pred,rt_p50,rt_p90,rt_p10,delta,stability,day_type,net_bin,net_load_fc,日期
1,0,350.2918410958904,349.6568410958904,387.1018410958904,264.92684109589044,-0.6349999999999909,STABLE,PV_VOLATILE,LOW,24816.75,2025-12-16
2,0,350.2918410958904,349.6568410958904,387.1018410958904,264.92684109589044,-0.6349999999999909,STABLE,PV_VOLATILE,LOW,24428.020000000004,2025-12-16
3,0,350.2918410958904,349.6568410958904,387.1018410958904,264.92684109589044,-0.6349999999999909,STABLE,PV_VOLATILE,LOW,24217.620000000003,2025-12-16
4,0,350.2918410958904,349.6568410958904,387.1018410958904,264.92684109589044,-0.6349999999999909,STABLE,PV_VOLATILE,LOW,24060.28,2025-12-16
5,1,337.5464246575342,339.7414246575342,357.6874246575342,319.64142465753423,2.194999999999993,STABLE,PV_VOLATILE,MID,24044.35,2025-12-16
6,1,337.5464246575342,339.7414246575342,357.6874246575342,319.64142465753423,2.194999999999993,STABLE,PV_VOLATILE,MID,23941.82,2025-12-16
7,1,337.5464246575342,339.7414246575342,357.6874246575342,319.64142465753423,2.194999999999993,STABLE,PV_VOLATILE,MID,23790.86,2025-12-16
8,1,337.5464246575342,339.7414246575342,357.6874246575342,319.64142465753423,2.194999999999993,STABLE,PV_VOLATILE,MID,23955.809999999998,2025-12-16
9,2,324.80319452054795,326.0231945205479,366.97319452054796,303.69919452054796,1.2199999999999989,STABLE,PV_VOLATILE,MID,24940.170000000006,2025-12-16
10,2,324.80319452054795,326.0231945205479,366.97319452054796,303.69919452054796,1.2199999999999989,STABLE,PV_VOLATILE,MID,25330.109999999993,2025-12-16
11,2,324.80319452054795,326.0231945205479,366.97319452054796,303.69919452054796,1.2199999999999989,STABLE,PV_VOLATILE,MID,24956.14,2025-12-16
12,2,324.80319452054795,326.0231945205479,366.97319452054796,303.69919452054796,1.2199999999999989,STABLE,PV_VOLATILE,MID,24793.97,2025-12-16
13,3,313.84009315068494,316.12009315068497,354.22009315068493,292.05909315068493,2.280000000000001,STABLE,PV_VOLATILE,MID,24582.86,2025-12-16
14,3,313.84009315068494,316.12009315068497,354.22009315068493,292.05909315068493,2.280000000000001,STABLE,PV_VOLATILE,MID,24493.159999999996,2025-12-16
15,3,313.84009315068494,316.12009315068497,354.22009315068493,292.05909315068493,2.280000000000001,STABLE,PV_VOLATILE,MID,24250.990000000005,2025-12-16
16,3,313.84009315068494,316.12009315068497,354.22009315068493,292.05909315068493,2.280000000000001,STABLE,PV_VOLATILE,MID,24293.17,2025-12-16
17,4,314.7624931506849,313.48749315068494,336.8924931506849,278.72749315068495,-1.2750000000000057,STABLE,PV_VOLATILE,MID,24298.64,2025-12-16
18,4,314.7624931506849,313.48749315068494,336.8924931506849,278.72749315068495,-1.2750000000000057,STABLE,PV_VOLATILE,MID,24505.160000000003,2025-12-16
19,4,314.7624931506849,313.48749315068494,336.8924931506849,278.72749315068495,-1.2750000000000057,STABLE,PV_VOLATILE,MID,24779.230000000003,2025-12-16
20,4,314.7624931506849,313.48749315068494,336.8924931506849,278.72749315068495,-1.2750000000000057,STABLE,PV_VOLATILE,MID,25194.160000000003,2025-12-16
21,5,326.5292794520548,320.70427945205483,358.97827945205484,254.5492794520548,-5.824999999999989,STABLE,PV_VOLATILE,MID,25413.28,2025-12-16
22,5,326.5292794520548,320.70427945205483,358.97827945205484,254.5492794520548,-5.824999999999989,STABLE,PV_VOLATILE,MID,24790.6,2025-12-16
23,5,326.5292794520548,320.70427945205483,358.97827945205484,254.5492794520548,-5.824999999999989,STABLE,PV_VOLATILE,MID,24290.920000000006,2025-12-16
24,5,326.5292794520548,320.70427945205483,358.97827945205484,254.5492794520548,-5.824999999999989,STABLE,PV_VOLATILE,MID,23949.33999999999,2025-12-16
25,6,318.10636438356164,317.53136438356165,346.16336438356166,260.61636438356163,-0.5749999999999886,STABLE,PV_VOLATILE,MID,24002.78,2025-12-16
26,6,318.10636438356164,321.6463643835616,348.5813643835616,299.9773643835616,3.539999999999992,STABLE,PV_VOLATILE,HIGH,25021.479999999996,2025-12-16
27,6,318.10636438356164,321.6463643835616,348.5813643835616,299.9773643835616,3.539999999999992,STABLE,PV_VOLATILE,HIGH,26108.929999999993,2025-12-16
28,6,318.10636438356164,321.6463643835616,348.5813643835616,299.9773643835616,3.539999999999992,STABLE,PV_VOLATILE,HIGH,27374.610000000015,2025-12-16
29,7,273.54821369863015,290.2732136986301,382.24721369863016,209.73021369863017,16.724999999999966,VOLATILE,PV_VOLATILE,HIGH,28588.789999999994,2025-12-16
30,7,273.54821369863015,290.2732136986301,382.24721369863016,209.73021369863017,16.724999999999966,VOLATILE,PV_VOLATILE,HIGH,29727.42,2025-12-16
31,7,273.54821369863015,290.2732136986301,382.24721369863016,209.73021369863017,16.724999999999966,VOLATILE,PV_VOLATILE,HIGH,31552.64,2025-12-16
32,7,273.54821369863015,290.2732136986301,382.24721369863016,209.73021369863017,16.724999999999966,VOLATILE,PV_VOLATILE,HIGH,32045.12000000001,2025-12-16
33,8,187.49788493150686,179.85288493150685,400.4778849315069,39.01388493150688,-7.644999999999998,VOLATILE,PV_VOLATILE,HIGH,32019.369999999995,2025-12-16
34,8,187.49788493150686,179.85288493150685,400.4778849315069,39.01388493150688,-7.644999999999998,VOLATILE,PV_VOLATILE,HIGH,31474.25,2025-12-16
35,8,187.49788493150686,179.85288493150685,400.4778849315069,39.01388493150688,-7.644999999999998,VOLATILE,PV_VOLATILE,HIGH,29845.050000000003,2025-12-16
36,8,187.49788493150686,179.85288493150685,400.4778849315069,39.01388493150688,-7.644999999999998,VOLATILE,PV_VOLATILE,HIGH,28866.690000000002,2025-12-16
37,9,116.03063287671232,99.86563287671231,309.34963287671235,43.59963287671232,-16.165000000000003,VOLATILE,PV_VOLATILE,HIGH,27104.979999999996,2025-12-16
38,9,116.03063287671232,99.86563287671231,309.34963287671235,43.59963287671232,-16.165000000000003,VOLATILE,PV_VOLATILE,HIGH,25029.949999999997,2025-12-16
39,9,116.03063287671232,99.86563287671231,309.34963287671235,43.59963287671232,-16.165000000000003,VOLATILE,PV_VOLATILE,HIGH,22796.93,2025-12-16
40,9,116.03063287671232,99.86563287671231,309.34963287671235,43.59963287671232,-16.165000000000003,VOLATILE,PV_VOLATILE,HIGH,21684.200000000004,2025-12-16
41,10,108.49564931506849,97.1856493150685,305.32464931506854,51.3546493150685,-11.309999999999995,VOLATILE,PV_VOLATILE,HIGH,20841.80999999999,2025-12-16
42,10,108.49564931506849,97.1856493150685,305.32464931506854,51.3546493150685,-11.309999999999995,VOLATILE,PV_VOLATILE,HIGH,19731.509999999995,2025-12-16
43,10,108.49564931506849,97.1856493150685,305.32464931506854,51.3546493150685,-11.309999999999995,VOLATILE,PV_VOLATILE,HIGH,18936.58000000001,2025-12-16
44,10,108.49564931506849,97.1856493150685,305.32464931506854,51.3546493150685,-11.309999999999995,VOLATILE,PV_VOLATILE,HIGH,18175.389999999992,2025-12-16
45,11,105.68480821917808,95.00480821917807,301.91080821917814,15.179808219178085,-10.680000000000003,VOLATILE,PV_VOLATILE,HIGH,18629.27999999999,2025-12-16
46,11,105.68480821917808,95.00480821917807,301.91080821917814,15.179808219178085,-10.680000000000003,VOLATILE,PV_VOLATILE,HIGH,16940.48000000001,2025-12-16
47,11,105.68480821917808,95.00480821917807,301.91080821917814,15.179808219178085,-10.680000000000003,VOLATILE,PV_VOLATILE,HIGH,15518.319999999992,2025-12-16
48,11,105.68480821917808,95.00480821917807,301.91080821917814,15.179808219178085,-10.680000000000003,VOLATILE,PV_VOLATILE,HIGH,13760.919999999991,2025-12-16
49,12,87.11522739726027,86.86522739726027,318.1182273972603,-7.791772602739712,-0.25,VOLATILE,PV_VOLATILE,HIGH,13289.229999999996,2025-12-16
50,12,87.11522739726027,86.86522739726027,318.1182273972603,-7.791772602739712,-0.25,VOLATILE,PV_VOLATILE,HIGH,12805.86,2025-12-16
51,12,87.11522739726027,86.86522739726027,318.1182273972603,-7.791772602739712,-0.25,VOLATILE,PV_VOLATILE,HIGH,13571.620000000003,2025-12-16
52,12,87.11522739726027,86.86522739726027,318.1182273972603,-7.791772602739712,-0.25,VOLATILE,PV_VOLATILE,HIGH,14648.86,2025-12-16
53,13,108.8832602739726,119.40326027397259,338.2222602739726,55.3422602739726,10.519999999999996,VOLATILE,PV_VOLATILE,HIGH,15674.68,2025-12-16
54,13,108.8832602739726,119.40326027397259,338.2222602739726,55.3422602739726,10.519999999999996,VOLATILE,PV_VOLATILE,HIGH,16852.050000000003,2025-12-16
55,13,108.8832602739726,119.40326027397259,338.2222602739726,55.3422602739726,10.519999999999996,VOLATILE,PV_VOLATILE,HIGH,17953.159999999996,2025-12-16
56,13,108.8832602739726,119.40326027397259,338.2222602739726,55.3422602739726,10.519999999999996,VOLATILE,PV_VOLATILE,HIGH,19041.390000000007,2025-12-16
57,14,155.26080821917807,184.2408082191781,335.51280821917805,50.89880821917808,28.98000000000001,VOLATILE,PV_VOLATILE,HIGH,20609.880000000005,2025-12-16
58,14,155.26080821917807,184.2408082191781,335.51280821917805,50.89880821917808,28.98000000000001,VOLATILE,PV_VOLATILE,HIGH,21920.91999999999,2025-12-16
59,14,155.26080821917807,184.2408082191781,335.51280821917805,50.89880821917808,28.98000000000001,VOLATILE,PV_VOLATILE,HIGH,23014.709999999992,2025-12-16
60,14,155.26080821917807,184.2408082191781,335.51280821917805,50.89880821917808,28.98000000000001,VOLATILE,PV_VOLATILE,HIGH,24310.14,2025-12-16
61,15,239.18350136986302,274.613501369863,351.20250136986306,195.64450136986304,35.42999999999999,VOLATILE,PV_VOLATILE,HIGH,25858.77999999999,2025-12-16
62,15,239.18350136986302,274.613501369863,351.20250136986306,195.64450136986304,35.42999999999999,VOLATILE,PV_VOLATILE,HIGH,26907.009999999995,2025-12-16
63,15,239.18350136986302,274.613501369863,351.20250136986306,195.64450136986304,35.42999999999999,VOLATILE,PV_VOLATILE,HIGH,27779.850000000006,2025-12-16
64,15,239.18350136986302,274.613501369863,351.20250136986306,195.64450136986304,35.42999999999999,VOLATILE,PV_VOLATILE,HIGH,27935.850000000006,2025-12-16
65,16,362.7163205479452,380.00632054794517,411.7363205479452,352.25832054794523,17.289999999999992,STABLE,PV_VOLATILE,HIGH,28504.680000000008,2025-12-16
66,16,362.7163205479452,380.00632054794517,411.7363205479452,352.25832054794523,17.289999999999992,STABLE,PV_VOLATILE,HIGH,29450.39,2025-12-16
67,16,362.7163205479452,380.00632054794517,411.7363205479452,352.25832054794523,17.289999999999992,STABLE,PV_VOLATILE,HIGH,29952.559999999983,2025-12-16
68,16,362.7163205479452,380.00632054794517,411.7363205479452,352.25832054794523,17.289999999999992,STABLE,PV_VOLATILE,HIGH,30312.119999999995,2025-12-16
69,17,444.60365479452054,442.00365479452057,498.42365479452053,405.15365479452055,-2.5999999999999943,STABLE,PV_VOLATILE,MID,29904.12000000001,2025-12-16
70,17,444.60365479452054,442.00365479452057,498.42365479452053,405.15365479452055,-2.5999999999999943,STABLE,PV_VOLATILE,MID,29858.199999999997,2025-12-16
71,17,444.60365479452054,442.00365479452057,498.42365479452053,405.15365479452055,-2.5999999999999943,STABLE,PV_VOLATILE,MID,29072.569999999992,2025-12-16
72,17,444.60365479452054,442.00365479452057,498.42365479452053,405.15365479452055,-2.5999999999999943,STABLE,PV_VOLATILE,MID,27857.160000000003,2025-12-16
73,18,455.46424109589043,465.3442410958904,517.5052410958905,405.54724109589046,9.879999999999995,STABLE,PV_VOLATILE,LOW,26741.119999999995,2025-12-16
74,18,455.46424109589043,465.3442410958904,517.5052410958905,405.54724109589046,9.879999999999995,STABLE,PV_VOLATILE,LOW,25982.270000000004,2025-12-16
75,18,455.46424109589043,465.3442410958904,517.5052410958905,405.54724109589046,9.879999999999995,STABLE,PV_VOLATILE,LOW,25385.199999999997,2025-12-16
76,18,455.46424109589043,465.3442410958904,517.5052410958905,405.54724109589046,9.879999999999995,STABLE,PV_VOLATILE,LOW,24998.08,2025-12-16
77,19,444.1072219178082,445.1322219178082,484.6712219178082,423.3212219178082,1.0249999999999773,STABLE,PV_VOLATILE,LOW,24532.11,2025-12-16
78,19,444.1072219178082,445.1322219178082,484.6712219178082,423.3212219178082,1.0249999999999773,STABLE,PV_VOLATILE,LOW,24335.059999999998,2025-12-16
79,19,444.1072219178082,445.1322219178082,484.6712219178082,423.3212219178082,1.0249999999999773,STABLE,PV_VOLATILE,LOW,23925.850000000006,2025-12-16
80,19,444.1072219178082,445.1322219178082,484.6712219178082,423.3212219178082,1.0249999999999773,STABLE,PV_VOLATILE,LOW,23472.25,2025-12-16
81,20,436.83940821917804,444.744408219178,493.65940821917803,356.53340821917806,7.904999999999973,STABLE,PV_VOLATILE,LOW,23256.53,2025-12-16
82,20,436.83940821917804,444.744408219178,493.65940821917803,356.53340821917806,7.904999999999973,STABLE,PV_VOLATILE,LOW,23387.149999999994,2025-12-16
83,20,436.83940821917804,444.744408219178,493.65940821917803,356.53340821917806,7.904999999999973,STABLE,PV_VOLATILE,LOW,23593.089999999997,2025-12-16
84,20,436.83940821917804,444.744408219178,493.65940821917803,356.53340821917806,7.904999999999973,STABLE,PV_VOLATILE,LOW,23617.53,2025-12-16
85,21,423.74724657534244,439.23724657534245,486.8762465753424,343.0992465753424,15.490000000000009,STABLE,PV_VOLATILE,LOW,24367.809999999998,2025-12-16
86,21,423.74724657534244,439.23724657534245,486.8762465753424,343.0992465753424,15.490000000000009,STABLE,PV_VOLATILE,LOW,23970.83,2025-12-16
87,21,423.74724657534244,439.23724657534245,486.8762465753424,343.0992465753424,15.490000000000009,STABLE,PV_VOLATILE,LOW,23429.23999999999,2025-12-16
88,21,423.74724657534244,439.23724657534245,486.8762465753424,343.0992465753424,15.490000000000009,STABLE,PV_VOLATILE,LOW,22589.140000000007,2025-12-16
89,22,395.9809698630137,407.78596986301363,454.2279698630137,294.74096986301373,11.804999999999978,STABLE,PV_VOLATILE,LOW,21648.989999999998,2025-12-16
90,22,395.9809698630137,407.78596986301363,454.2279698630137,294.74096986301373,11.804999999999978,STABLE,PV_VOLATILE,LOW,21680.910000000003,2025-12-16
91,22,395.9809698630137,407.78596986301363,454.2279698630137,294.74096986301373,11.804999999999978,STABLE,PV_VOLATILE,LOW,21545.399999999994,2025-12-16
92,22,395.9809698630137,407.78596986301363,454.2279698630137,294.74096986301373,11.804999999999978,STABLE,PV_VOLATILE,LOW,21817.270000000004,2025-12-16
93,23,379.3436767123288,370.6736767123288,464.57367671232873,280.73367671232876,-8.669999999999959,VOLATILE,PV_VOLATILE,LOW,22627.97,2025-12-16
94,23,379.3436767123288,370.6736767123288,464.57367671232873,280.73367671232876,-8.669999999999959,VOLATILE,PV_VOLATILE,LOW,21910.929999999993,2025-12-16
95,23,379.3436767123288,370.6736767123288,464.57367671232873,280.73367671232876,-8.669999999999959,VOLATILE,PV_VOLATILE,LOW,21184.53,2025-12-16
96,23,379.3436767123288,370.6736767123288,464.57367671232873,280.73367671232876,-8.669999999999959,VOLATILE,PV_VOLATILE,LOW,20667.290000000008,2025-12-16
