日期,时刻,是否节假日,是否周末休息日,直调负荷(预测),联络线受电负荷(预测),风电总加(预测),光伏总加(预测),非市场化核电总加(预测),自备机组总加(预测),地方电厂发电总加(预测),直调负荷（实际）,联络线受电负荷（实际）,风电总加（实际）,光伏总加（实际）,抽蓄（实际）,地方电厂发电总加（实际）,非市场化核电总加（实际）,自备机组总加（实际）,日前价格,实时价格
2025-12-16,00:15,否,否,66524.39,19840.0,5595.14,0.0,3152.5,4670.0,8450.0,66034.44,20350.9838,4248.11,-14.02,-1.29,8472.841,3160.91301,3830.443553,320.343,340.0
2025-12-16,00:30,否,否,65913.66,19834.0,5379.14,0.0,3152.5,4670.0,8450.0,65771.14,20369.0095,4012.93,-13.52,-1.32,8474.5989,3166.18977,3805.627554,320.343,338.33
2025-12-16,00:45,否,否,65488.47,19839.0,5159.35,0.0,3152.5,4670.0,8450.0,65269.723,20252.0002,3823.96,-13.67,-1.27,8494.0808,3163.61047,3788.143132,320.343,338.33
2025-12-16,01:00,否,否,65116.36,19835.0,4948.58,0.0,3152.5,4670.0,8450.0,64824.0,20317.8884,3632.31,-13.64,-1.3,8486.175,3163.9697,3789.798745,320.343,338.33
2025-12-16,01:15,否,否,64917.82,19833.0,4767.97,0.0,3152.5,4670.0,8450.0,64722.207,20213.5241,3435.65,-13.74,-1.22,8485.9441,3163.9099,3787.020414,321.663,338.33
2025-12-16,01:30,否,否,64655.43,19828.0,4613.11,0.0,3152.5,4670.0,8450.0,64421.902,20359.8072,3227.38,-13.75,-1.26,8497.941,3164.562856,3766.21424,321.663,338.33
2025-12-16,01:45,否,否,64360.84,19822.0,4475.48,0.0,3152.5,4670.0,8450.0,64115.84,20233.6499,2954.58,-13.7,-1.25,8486.396,3163.74418,3778.496442,321.663,338.0
2025-12-16,02:00,否,否,64379.13,19813.0,4337.82,0.0,3152.5,4670.0,8450.0,64072.637,20305.0597,2685.09,-13.86,-1.27,8517.6822,3164.31454,3830.386092,321.663,338.33
2025-12-16,02:15,否,否,65269.05,19812.0,4244.38,0.0,3152.5,4670.0,8450.0,65639.08,20186.7796,2441.09,-13.9,326.41,8520.7578,3163.7762,3837.188252,335.163,345.0
2025-12-16,02:30,否,否,65587.87,19808.0,4177.26,0.0,3152.5,4670.0,8450.0,65757.11,20174.12005,2355.11,-13.79,-1.34,8517.8037,3162.8966,3844.206847,335.163,346.0
2025-12-16,02:45,否,否,65150.55,19807.0,4114.91,0.0,3152.5,4670.0,8450.0,65690.586,20257.0002,2239.24,-13.87,-1.34,8511.8395,3162.44877,3845.333575,335.163,346.0
2025-12-16,03:00,否,否,64931.89,19805.0,4060.42,0.0,3152.5,4670.0,8450.0,65111.34,20109.2401,2150.74,-13.94,-1.32,8497.3469,3166.36629,3864.2389,335.163,346.0
2025-12-16,03:15,否,否,64713.24,19804.0,4053.88,0.0,3152.5,4670.0,8450.0,64794.473,20142.09165,2098.18,-13.99,-1.33,8483.4565,3163.89404,3881.882822,333.903,346.0
2025-12-16,03:30,否,否,64640.35,19800.0,4074.69,0.0,3152.5,4670.0,8450.0,64568.152,20178.1522,2144.45,-13.96,-1.34,8477.1655,3172.00695,3877.982856,333.903,345.0
2025-12-16,03:45,否,否,64421.69,19799.0,4099.2,0.0,3152.5,4670.0,8450.0,64339.703,20134.21763,2282.98,-13.97,-1.34,8478.793,3167.952556,3880.616792,333.903,345.0
2025-12-16,04:00,否,否,64494.58,19796.0,4132.91,0.0,3152.5,4670.0,8450.0,64216.824,20090.9081,2382.3,-13.72,-1.3,8478.9403,3163.59118,3881.720389,333.903,345.0
2025-12-16,04:15,否,否,64567.46,19795.0,4201.32,0.0,3152.5,4670.0,8450.0,64381.305,20340.9297,2462.33,-13.82,-1.28,8469.5855,3166.7666,3885.181554,336.909,345.0
2025-12-16,04:30,否,否,64859.01,19791.0,4290.35,0.0,3152.5,4670.0,8450.0,64520.805,20342.0788,2602.98,-13.76,-1.28,8505.1054,3158.54151,3870.446855,336.909,346.0
2025-12-16,04:45,否,否,65223.44,19790.0,4381.71,0.0,3152.5,4670.0,8450.0,64784.777,20338.1022,2692.67,-14.0,-1.35,8495.8914,3163.74704,3856.688153,336.909,346.0
2025-12-16,05:00,否,否,65733.64,19786.0,4480.98,0.0,3152.5,4670.0,8450.0,65194.293,20163.9514,2846.98,-13.54,-1.22,8484.3365,3165.44084,3827.868272,336.909,346.0
2025-12-16,05:15,否,否,66070.44,19785.0,4599.66,0.0,3152.5,4670.0,8450.0,66266.28,20503.6119,2959.44,-13.8,-1.27,8486.4299,3159.38211,3818.958189,335.218,346.0
2025-12-16,05:30,否,否,66827.28,21044.0,4720.18,0.0,3152.5,4670.0,8450.0,66694.58,21516.4507,3047.5,-13.81,-1.34,8498.9637,3159.36741,3827.853186,335.218,346.0
2025-12-16,05:45,否,否,67720.63,22313.0,4844.21,0.0,3152.5,4670.0,8450.0,67612.64,22816.0197,3135.34,-13.95,-1.23,8506.1265,3163.67123,3839.013095,335.218,345.0
2025-12-16,06:00,否,否,68691.04,23576.0,4892.69,0.51,3152.5,4670.0,8450.0,68128.336,24037.2505,3187.33,-13.91,-1.27,8534.6106,3165.008765,3839.421405,335.218,340.0
2025-12-16,06:15,否,否,70153.75,24849.0,5038.18,1.29,3152.5,4660.0,8450.0,69736.9,25419.9598,3201.41,-14.18,-1.26,8525.049,3164.817956,3843.168294,333.062,338.33
2025-12-16,06:30,否,否,71385.77,24909.0,5199.94,2.85,3152.5,4650.0,8450.0,71213.04,25552.5693,3240.25,-14.29,-1.31,8517.0077,3158.948726,3847.873715,333.062,343.33
2025-12-16,06:45,否,否,72696.48,24971.0,5369.22,4.83,3152.5,4640.0,8450.0,72631.99,25533.9309,3277.2,-14.58,-1.22,8522.8611,3162.04287,3851.762266,333.062,347.0
2025-12-16,07:00,否,否,74198.88,25032.0,5529.62,30.15,3152.5,4630.0,8450.0,73396.52,25540.7816,3280.12,-13.72,305.21,8512.2832,3162.03583,3868.820248,333.062,348.0
2025-12-16,07:15,否,否,75722.63,25095.0,5657.49,168.85,3152.5,4610.0,8450.0,74833.02,25676.32,3312.11,41.88,576.74,8527.8967,3162.471554,3863.843127,346.818,350.0
2025-12-16,07:30,否,否,77396.4,25178.0,5768.33,530.15,3152.5,4590.0,8450.0,76485.59,25726.7166,3290.86,357.48,859.83,8523.6338,3166.167866,3867.455218,346.818,350.0
2025-12-16,07:45,否,否,80063.55,25266.0,5868.25,1204.16,3152.5,4570.0,8450.0,78437.3,25713.067,3309.38,955.92,1096.43,8553.2483,3164.62387,3862.594425,346.818,367.0
2025-12-16,08:00,否,否,81577.44,25352.0,5957.67,2070.15,3152.5,4550.0,8450.0,80023.945,25482.9727,3435.5,1770.25,1096.95,8552.3052,3165.543414,3869.521689,346.818,399.67
2025-12-16,08:15,否,否,82724.84,25448.0,5998.3,3126.67,3152.5,4530.0,8450.0,81467.984,25833.8927,3400.25,2838.24,1095.14,8496.9664,3164.003656,3867.716916,350.037,400.0
2025-12-16,08:30,否,否,83145.8,25282.0,6016.58,4260.47,3152.5,4510.0,8450.0,81173.164,25590.6841,3170.99,4064.73,1094.7,8503.4497,3165.05231,3858.173095,350.037,382.0
2025-12-16,08:45,否,否,82559.77,25126.0,6033.95,5462.27,3152.5,4490.0,8450.0,80093.06,25366.0149,3002.82,5024.45,1094.17,8505.3313,3165.48151,3864.295032,350.037,350.0
2025-12-16,09:00,否,否,82566.72,24963.0,6044.76,6619.77,3152.5,4470.0,8450.0,79144.78,25526.2453,3001.21,6213.8,594.19,8509.4172,3165.354066,3859.642884,350.037,347.0
2025-12-16,09:15,否,否,81713.2,24819.0,5993.27,7743.45,3152.5,4450.0,8450.0,78866.48,25078.7741,2985.29,7394.87,328.84,8498.6201,3164.79653,3858.207178,330.58,345.977
2025-12-16,09:30,否,否,80683.89,24928.0,5918.97,8774.47,3152.5,4430.0,8450.0,77496.82,25381.6686,2919.58,8668.36,-8.13,8494.3478,3161.3377,3848.198282,330.58,345.669
2025-12-16,09:45,否,否,79447.8,25017.0,5859.61,9751.76,3152.5,4420.0,8450.0,76243.23,25236.2092,2730.33,9170.52,-6.8,8461.8767,3162.92214,3834.160415,330.58,327.618
2025-12-16,10:00,否,否,79246.14,25111.0,5802.45,10625.99,3152.5,4420.0,8450.0,75408.54,25544.0872,2418.44,9544.32,-5.78,8445.314,3165.81207,3836.728498,330.58,311.67
2025-12-16,10:15,否,否,79272.09,25214.0,5824.88,11368.9,3152.5,4420.0,8450.0,76032.76,25039.7152,2258.33,10602.79,141.12,8455.63,3169.07807,3845.444388,316.87,315.0
2025-12-16,10:30,否,否,78593.86,25010.0,5863.96,11965.89,3152.5,4420.0,8450.0,75588.19,25215.3982,2092.17,10549.12,-838.72,8485.4431,3165.099616,3828.026308,316.87,326.0
2025-12-16,10:45,否,否,78114.21,24809.0,5910.98,12435.15,3152.5,4420.0,8450.0,74359.04,25212.9055,1943.15,11155.41,-1142.27,8515.2175,3167.33421,3796.586302,316.87,324.86
2025-12-16,11:00,否,否,77583.76,24607.0,5955.86,12823.01,3152.5,4420.0,8450.0,73127.02,24772.6197,1877.07,11608.08,-1138.0,8487.714,3171.105925,3777.182228,316.87,319.0
2025-12-16,11:15,否,否,78175.2,24402.0,6054.63,13066.79,3152.5,4420.0,8450.0,73643.98,24305.1272,2017.48,12055.09,-1138.17,8477.6493,3165.39663,3760.059331,295.909,329.966
2025-12-16,11:30,否,否,76168.3,23877.0,6166.65,13161.67,3152.5,4420.0,8450.0,71696.16,24150.3173,2212.97,11956.8,-1147.05,8514.0618,3170.529394,3768.40912,295.909,312.0
2025-12-16,11:45,否,否,74342.56,23349.0,6278.99,13173.75,3152.5,4420.0,8450.0,69769.54,23584.7086,2459.08,12937.75,-1706.89,8501.654,3163.91354,3778.81298,295.909,298.33
2025-12-16,12:00,否,否,72121.76,22818.0,6394.35,13125.99,3152.5,4420.0,8450.0,67759.54,23255.6498,2766.3,12255.6,-1701.06,8474.9629,3165.337816,3806.399527,295.909,213.08
2025-12-16,12:15,否,否,71099.42,22283.0,6534.92,12969.77,3152.5,4420.0,8450.0,66916.72,22528.0745,3006.63,12191.37,-1697.36,8412.4902,3164.29384,3814.137453,239.904,205.4
2025-12-16,12:30,否,否,70554.63,22296.0,6686.02,12744.25,3152.5,4420.0,8450.0,66913.52,22335.117,3261.1,12268.51,-1684.3,8466.3818,3163.58784,3812.472943,239.904,142.4
2025-12-16,12:45,否,否,71184.45,22312.0,6839.09,12439.24,3152.5,4420.0,8450.0,68106.11,22465.1087,3402.1,11887.12,-1680.5,8437.8694,3161.96558,3812.441915,239.904,254.2
2025-12-16,13:00,否,否,72051.59,22310.0,6998.07,12072.16,3152.5,4420.0,8450.0,68787.266,22491.06,3650.62,11680.76,-1671.56,8468.8767,3164.33034,3855.457499,239.904,297.2
2025-12-16,13:15,否,否,72810.17,22302.0,7162.09,11648.9,3152.5,4420.0,8450.0,70652.73,22363.6531,3887.69,10973.07,-1375.21,8478.1722,3162.581585,3855.442879,304.155,314.459
2025-12-16,13:30,否,否,73716.77,22384.0,7339.02,11119.2,3152.5,4420.0,8450.0,71454.97,22630.07,4127.41,10181.04,-1372.15,8506.552,3166.64338,3898.169527,304.155,317.523
2025-12-16,13:45,否,否,74369.31,22468.0,7517.14,10408.51,3152.5,4420.0,8450.0,72056.836,22734.2765,4365.9,8966.76,-1104.18,8525.5042,3163.09563,3896.369731,304.155,316.608
2025-12-16,14:00,否,否,74983.1,22549.0,7697.39,9672.82,3152.5,4420.0,8450.0,72750.766,22880.2533,4547.86,8839.05,-555.87,8527.9272,3166.86078,3887.897063,304.155,316.87
2025-12-16,14:15,否,否,75992.35,22634.0,7873.28,8852.69,3152.5,4420.0,8450.0,73505.34,22717.0093,4802.44,7664.85,-1.28,8526.218,3162.91913,3884.271786,326.151,321.52
2025-12-16,14:30,否,否,76837.29,22820.0,8052.55,8021.32,3152.5,4420.0,8450.0,74574.766,23008.5828,5119.63,6663.03,-1.2,8531.4205,3161.21228,3878.866532,326.151,332.045
2025-12-16,14:45,否,否,77334.17,23009.0,8227.88,7060.08,3152.5,4420.0,8450.0,75948.875,23265.2901,5511.22,5585.1,-1.32,8587.0912,3160.6937,3896.085257,326.151,344.556
2025-12-16,15:00,否,否,78036.42,23194.0,8407.53,6102.25,3152.5,4420.0,8450.0,76528.914,23229.1331,5582.95,5066.77,-1.28,8631.4687,3163.004014,3901.389732,326.151,350.756
2025-12-16,15:15,否,否,78966.03,23379.0,8591.13,5099.62,3152.5,4435.0,8450.0,77387.766,23520.0195,5842.14,4034.9,-1.22,8629.0079,3168.77704,3905.099599,339.418,358.456
2025-12-16,15:30,否,否,79818.4,24018.0,8783.7,4067.19,3152.5,4440.0,8450.0,78487.44,24509.4992,6051.0,2998.47,482.64,8622.6008,3160.84747,3886.121862,339.418,351.795
2025-12-16,15:45,否,否,80468.78,24664.0,8983.39,2979.04,3152.5,4460.0,8450.0,79365.055,24957.6837,6216.37,2184.16,1105.09,8625.9841,3163.03264,3888.522526,339.418,353.656
2025-12-16,16:00,否,否,80529.42,25317.0,9205.12,1988.95,3152.5,4480.0,8450.0,79658.82,25638.6961,6307.96,1527.68,1097.8,8604.3511,3168.33291,3881.010735,339.418,352.123
2025-12-16,16:15,否,否,81266.82,25972.0,9479.15,1208.49,3152.5,4500.0,8450.0,80535.16,26672.423,6506.64,888.57,1095.06,8558.9566,3169.793095,3849.12497,343.354,350.589
2025-12-16,16:30,否,否,82520.92,26565.0,9781.82,601.21,3152.5,4520.0,8450.0,81596.25,27131.3757,6694.65,362.89,1094.87,8542.8256,3168.048826,3837.874652,343.354,355.437
2025-12-16,16:45,否,否,83575.93,27170.0,10091.3,219.57,3152.5,4540.0,8450.0,82808.1,27677.6762,7090.18,65.59,1095.46,8509.0453,3166.56542,3842.025719,343.354,359.451
2025-12-16,17:00,否,否,84678.98,27772.0,10392.62,39.74,3152.5,4560.0,8450.0,82902.9,27881.9419,7555.61,-15.58,1095.17,8527.2453,3162.31548,3840.311601,343.354,354.509
2025-12-16,17:15,否,否,85153.13,28386.0,10671.39,9.12,3152.5,4580.0,8450.0,83657.28,28925.3862,7947.38,-21.13,877.05,8489.5343,3161.98806,3824.190133,335.936,352.076
2025-12-16,17:30,否,否,85523.87,28519.0,10937.88,6.29,3152.5,4600.0,8450.0,83599.266,28870.4027,8127.61,-16.83,877.62,8473.3223,3164.86114,3831.738126,335.936,348.781
2025-12-16,17:45,否,否,85162.79,28663.0,11199.98,4.74,3152.5,4620.0,8450.0,83271.69,29257.6761,8375.62,-15.24,877.52,8519.4154,3166.37343,3856.300412,335.936,325.861
2025-12-16,18:00,否,否,84365.61,28802.0,11460.55,3.4,3152.5,4640.0,8450.0,82356.914,29572.6549,8576.51,-15.16,876.88,8500.7392,3166.148725,3842.193712,335.936,318.723
2025-12-16,18:15,否,否,83561.0,28948.0,11607.16,2.22,3152.5,4660.0,8450.0,81557.055,29436.9469,8752.1,-15.37,780.47,8532.4043,3164.48137,3858.725868,318.869,315.075
2025-12-16,18:30,否,否,82878.92,28902.0,11720.62,1.53,3152.5,4670.0,8450.0,80657.95,29331.4772,8924.83,-15.25,776.57,8547.6832,3163.39303,3874.006032,318.869,313.33
2025-12-16,18:45,否,否,82339.1,28858.0,11822.55,0.85,3152.5,4670.0,8450.0,80169.766,29482.5706,9179.74,-14.76,777.22,8596.3743,3161.89998,3866.427922,318.869,312.0
2025-12-16,19:00,否,否,82000.22,28814.0,11915.5,0.14,3152.5,4670.0,8450.0,79889.87,29534.3627,9285.9,-14.9,361.99,8582.4002,3166.86641,3872.398022,318.869,313.33
2025-12-16,19:15,否,否,81508.76,28774.0,11930.15,0.0,3152.5,4670.0,8450.0,79558.31,29341.2171,9498.93,-14.79,359.1,8609.4155,3160.786145,3891.807528,317.102,321.88
2025-12-16,19:30,否,否,81281.47,28751.0,11922.91,0.0,3152.5,4670.0,8450.0,79148.88,29221.0941,9612.44,-14.99,-1.46,8615.3018,3168.6838,3892.083106,317.102,322.0
2025-12-16,19:45,否,否,80834.94,28732.0,11904.59,0.0,3152.5,4670.0,8450.0,78969.99,29197.1763,9751.56,-14.71,-1.38,8653.6572,3163.75623,3861.304697,317.102,319.0
2025-12-16,20:00,否,否,80327.77,28712.0,11871.02,0.0,3152.5,4670.0,8450.0,78342.14,29095.4345,9875.53,-14.59,-1.29,8608.1965,3168.03527,3843.67083,317.102,318.0
2025-12-16,20:15,否,否,80024.35,28696.0,11799.32,0.0,3152.5,4670.0,8450.0,78317.61,29050.812,10071.08,-14.69,-1.35,8625.9961,3164.67217,3853.714357,314.047,317.6
2025-12-16,20:30,否,否,79635.26,28258.0,11717.61,0.0,3152.5,4670.0,8450.0,77794.18,28671.7086,9935.47,-14.73,-1.32,8652.9336,3161.931895,3854.038192,314.047,316.67
2025-12-16,20:45,否,否,79307.59,27821.0,11621.0,0.0,3152.5,4670.0,8450.0,77228.12,28311.058,9847.48,-14.92,-1.27,8647.136,3164.100956,3861.914742,314.047,316.67
2025-12-16,21:00,否,否,78788.11,27383.0,11515.08,0.0,3152.5,4670.0,8450.0,76834.98,27955.6657,9792.45,-14.78,-1.37,8637.1892,3167.4248,3851.191045,314.047,315.0
2025-12-16,21:15,否,否,78971.13,26940.0,11390.82,0.0,3152.5,4670.0,8450.0,76885.17,27659.8441,9848.65,-14.89,-1.33,8613.3061,3170.49378,3854.907046,312.602,318.33
2025-12-16,21:30,否,否,78117.21,26610.0,11263.88,0.0,3152.5,4670.0,8450.0,76108.73,27085.6875,9957.9,-14.73,-1.34,8625.2136,3158.77477,3843.914548,312.602,318.0
2025-12-16,21:45,否,否,77116.54,26283.0,11131.8,0.0,3152.5,4670.0,8450.0,75015.75,26950.6292,9990.76,-14.75,-1.28,8615.552,3160.03285,3853.414275,312.602,314.0
2025-12-16,22:00,否,否,75838.32,25954.0,11022.68,0.0,3152.5,4670.0,8450.0,73700.32,26413.1885,9748.36,-14.55,-1.27,8581.9874,3169.00534,3858.935546,312.602,306.67
2025-12-16,22:15,否,否,74436.86,25630.0,10885.37,0.0,3152.5,4670.0,8450.0,72663.93,25857.9711,9747.25,-14.36,-1.27,8587.4217,3158.025856,3890.851589,301.424,305.0
2025-12-16,22:30,否,否,73122.99,24428.0,10741.58,0.0,3152.5,4670.0,8450.0,71308.27,24885.7918,9792.68,-14.4,-1.26,8572.7995,3159.44385,3886.19596,301.424,306.67
2025-12-16,22:45,否,否,71647.65,23232.0,10597.75,0.0,3152.5,4670.0,8450.0,70063.12,23728.0681,9645.59,-14.32,-1.2,8562.8507,3165.0157,3862.211191,301.424,304.0
2025-12-16,23:00,否,否,70577.08,22032.0,10455.31,0.0,3152.5,4670.0,8450.0,68706.164,22477.2577,9588.72,-13.91,-1.26,8533.6091,3160.11372,3851.44423,301.424,304.0
2025-12-16,23:15,否,否,70038.67,20832.0,10306.2,0.0,3152.5,4670.0,8450.0,68649.71,21087.5282,9687.33,-13.77,-1.22,8538.8393,3160.379614,3860.232294,299.051,311.67
2025-12-16,23:30,否,否,69168.04,20832.0,10152.61,0.0,3152.5,4670.0,8450.0,67622.31,21310.1782,9622.37,-13.71,-1.23,8537.3101,3165.309754,3860.216898,299.051,305.0
2025-12-16,23:45,否,否,68280.09,20832.0,9991.06,0.0,3152.5,4670.0,8450.0,66708.78,21413.0671,9440.46,-13.75,-1.19,8513.719,3165.08474,3863.963138,299.051,300.0
2025-12-16,24:00,否,否,67621.27,20832.0,9849.48,0.0,3152.5,4670.0,8450.0,65895.016,21491.6135,9234.3,-13.73,-1.29,8467.1299,3165.40649,3853.879785,299.051,291.67
